id	name	feature_type	target	amino_acid_position	polypeptide_position	correction_formula	proforma_formula	monoisotopic_mass	average_mass	cellular_location	keywords	cross_references	taxonomic_ranges
PTM-0450	(2-aminosuccinimidyl)acetic acid (Asn-Gly)	CROSSLNK	Asparagine-Glycine	Amino acid side chain-Amino acid backbone	Anywhere-Protein core	H-3 N-1	H-3 N-1	-17.026549	-17.03	Extracellular and lumenal localisation		RESID:AA0441; PSI-MOD:MOD:01624	Archaea; taxId:2157 (Archaea); Bacteria; taxId:2 (Bacteria); Eukaryota; taxId:2759 (Eukaryota)
PTM-0312	(2-aminosuccinimidyl)acetic acid (Asp-Gly)	CROSSLNK	Aspartate-Glycine	Amino acid side chain-Amino acid backbone	Anywhere-Protein core	H-2 O-1	H-2 O-1	-18.010565	-18.02	Extracellular and lumenal localisation		RESID:AA0441; PSI-MOD:MOD:00952	Archaea; taxId:2157 (Archaea); Bacteria; taxId:2 (Bacteria); Eukaryota; taxId:2759 (Eukaryota)
PTM-0476	(3R)-3-hydroxyarginine	MOD_RES	Arginine	Amino acid side chain	Anywhere	O1	O	15.994915	16.0		Hydroxylation	ChEBI:CHEBI:78294; RESID:AA0601; PSI-MOD:MOD:01956	Bacteria; taxId:2 (Bacteria); Eukaryota; taxId:40674 (Mammalia)
PTM-0369	(3R)-3-hydroxyasparagine	MOD_RES	Asparagine	Amino acid side chain	Anywhere	O1	O	15.994915	16.0	Intracellular localisation or Extracellular and lumenal localisation	Hydroxylation	ChEBI:CHEBI:141853; RESID:AA0026; PSI-MOD:MOD:00035; Unimod:35	Eukaryota; taxId:40674 (Mammalia)
PTM-0371	(3R)-3-hydroxyaspartate	MOD_RES	Aspartate	Amino acid side chain	Anywhere	O1	O	15.994915	16.0	Extracellular and lumenal localisation	Hydroxylation	ChEBI:CHEBI:141848; RESID:AA0027; PSI-MOD:MOD:00036; Unimod:35	Bacteria; taxId:68215 (Streptomyces griseoverticillatus); Eukaryota; taxId:40674 (Mammalia)
PTM-0477	(3S)-3-hydroxyhistidine	MOD_RES	Histidine	Amino acid side chain	Anywhere	O1	O	15.994915	16.0	Extracellular and lumenal localisation	Hydroxylation	ChEBI:CHEBI:138021; RESID:AA0580; PSI-MOD:MOD:01920	Eukaryota; taxId:2759 (Eukaryota)
PTM-0368	(3R,4R)-3,4-dihydroxyproline	MOD_RES	Proline	Amino acid side chain	Anywhere	O2	O2	31.989829	32.0	Extracellular and lumenal localisation	Hydroxylation	ChEBI:CHEBI:141805; RESID:AA0479; PSI-MOD:MOD:01402	Eukaryota; taxId:78357 (Amanita virosa)
PTM-0336	(3R,4R)-4,5-dihydroxyisoleucine	MOD_RES	Isoleucine	Amino acid side chain	Anywhere	O2	O2	31.989829	32.0	Extracellular and lumenal localisation	Hydroxylation	ChEBI:CHEBI:141826; RESID:AA0449; PSI-MOD:MOD:01378	Eukaryota; taxId:67723 (Amanita phalloides)
PTM-0306	(3R,4S)-3,4-dihydroxyproline	MOD_RES	Proline	Amino acid side chain	Anywhere	O2	O2	31.989829	32.0	Extracellular and lumenal localisation	Hydroxylation	ChEBI:CHEBI:141803; RESID:AA0282; PSI-MOD:MOD:00287; Unimod:425	Eukaryota; taxId:6550 (Mytilus edulis)
PTM-0337	(3R,4S)-4-hydroxyisoleucine	MOD_RES	Isoleucine	Amino acid side chain	Anywhere	O1	O	15.994915	16.0	Extracellular and lumenal localisation	Hydroxylation	ChEBI:CHEBI:141844; RESID:AA0448; PSI-MOD:MOD:01377	Eukaryota; taxId:67723 (Amanita phalloides)
PTM-0370	(3S)-3-hydroxyasparagine	MOD_RES	Asparagine	Amino acid side chain	Anywhere	O1	O	15.994915	16.0	Intracellular localisation or Extracellular and lumenal localisation	Hydroxylation	ChEBI:CHEBI:138107; RESID:AA0478; PSI-MOD:MOD:01401	Eukaryota; taxId:7742 (Vertebrata)
PTM-0473	(3S)-3-hydroxyaspartate	MOD_RES	Aspartate	Amino acid side chain	Anywhere	O1	O	15.994915	16.0	Extracellular and lumenal localisation	Hydroxylation	ChEBI:CHEBI:138111; RESID:AA0579; PSI-MOD:MOD:01919	Eukaryota; taxId:33208 (Metazoa)
PTM-0663	(3S)-3-hydroxylysine	MOD_RES	Lysine	Amino acid side chain	Anywhere	O1	O	15.994915	16.0	Extracellular and lumenal localisation	Hydroxylation	ChEBI:CHEBI:141492	Eukaryota; taxId:40674 (Mammalia)
PTM-0343	(3S,4R)-3,4-dihydroxyisoleucine	MOD_RES	Isoleucine	Amino acid side chain	Anywhere	O2	O2	31.989829	32.0	Extracellular and lumenal localisation	Hydroxylation	ChEBI:CHEBI:141827; RESID:AA0447; PSI-MOD:MOD:01376	Bacteria; taxId:146537 (Streptomyces azureus)
PTM-0665	(2S)-4-hydroxyleucine	MOD_RES	Leucine	Amino acid side chain	Anywhere	O1	O	15.994915	16.0	Extracellular and lumenal localisation	Hydroxylation	ChEBI:CHEBI:141825; RESID:AA0442; PSI-MOD:MOD:01372	Eukaryota; taxId:4751 (Fungi)
PTM-0491	(4R)-5-hydroxyleucine	MOD_RES	Leucine	Amino acid side chain	Anywhere	O1	O	15.994915	16.0	Extracellular and lumenal localisation	Hydroxylation	ChEBI:CHEBI:141824; RESID:AA0443; PSI-MOD:MOD:01373	Eukaryota; taxId:33208 (Metazoa)
PTM-0340	(4R)-4,5-dihydroxyleucine	MOD_RES	Leucine	Amino acid side chain	Anywhere	O2	O2	31.989829	32.0	Extracellular and lumenal localisation	Hydroxylation	ChEBI:CHEBI:141823; RESID:AA0445; PSI-MOD:MOD:01375	Eukaryota; taxId:78357 (Amanita virosa)
PTM-0666	(4S)-4,5-dihydroxyleucine	MOD_RES	Leucine	Amino acid side chain	Anywhere	O2	O2	31.989829	32.0	Extracellular and lumenal localisation	Hydroxylation	ChEBI:CHEBI:141819; RESID:AA0446; PSI-MOD:MOD:01432	Eukaryota; taxId:500611 (Amanita suballiacea)
PTM-0673	(Z)-2,3-didehydroaspartate	MOD_RES	Aspartate	Amino acid backbone	Protein core	H-2	H-2	-2.01565	-2.02	Intracellular localisation		ChEBI:CHEBI:145325	Archaea; taxId:28890 (Euryarchaeota)
PTM-0001	(E)-2,3-didehydrotyrosine	MOD_RES	Tyrosine	Amino acid backbone	Protein core	H-2	H-2	-2.01565	-2.02	Intracellular localisation		RESID:AA0365; PSI-MOD:MOD:00370; Unimod:401	Eukaryota; taxId:6073 (Cnidaria)
PTM-0002	(Z)-2,3-didehydrotyrosine	MOD_RES	Tyrosine	Amino acid backbone	Protein core	H-2	H-2	-2.01565	-2.02	Intracellular localisation		RESID:AA0183; PSI-MOD:MOD:00191; Unimod:401	Eukaryota; taxId:6073 (Cnidaria)
PTM-0008	2,3-didehydrotyrosine	MOD_RES	Tyrosine	Amino acid backbone	Protein core	H-2	H-2	-2.01565	-2.02	Intracellular localisation		PSI-MOD:MOD:00706; Unimod:401	Eukaryota; taxId:6073 (Cnidaria)
PTM-0468	2,3-didehydroalanine (Cys)	MOD_RES	Cysteine	Amino acid backbone	Protein core	H-2 S-1	H-2 S-1	-33.987721	-34.08	Intracellular localisation		ChEBI:CHEBI:90873; RESID:AA0181; PSI-MOD:MOD:00793; Unimod:368	Archaea; taxId:28890 (Euryarchaeota); Bacteria; taxId:2 (Bacteria); Eukaryota; taxId:4932 (Saccharomyces cerevisiae)
PTM-0006	2,3-didehydroalanine (Ser)	MOD_RES	Serine	Amino acid backbone	Protein core	H-2 O-1	H-2 O-1	-18.010565	-18.02	Intracellular localisation		ChEBI:CHEBI:90873; RESID:AA0181; PSI-MOD:MOD:00189; Unimod:23	Archaea; taxId:28890 (Euryarchaeota); Bacteria; taxId:2 (Bacteria); Eukaryota; taxId:2759 (Eukaryota)
PTM-0647	2,3-didehydroalanine (Tyr)	MOD_RES	Tyrosine	Amino acid backbone	Protein core	C-6 H-6 O-1	C-6 H-6 O-1	-94.041865	-94.11	Intracellular localisation		ChEBI:CHEBI:90873; RESID:AA0181; PSI-MOD:MOD:00824; Unimod:400	Bacteria; taxId:2 (Bacteria); Eukaryota; taxId:2759 (Eukaryota)
PTM-0441	(E)-2,3-didehydrobutyrine	MOD_RES	Threonine	Amino acid backbone	Protein core	H-2 O-1	H-2 O-1	-18.010565	-18.02	Intracellular localisation		RESID:AA0547; PSI-MOD:MOD:01470	Bacteria; taxId:932694 (Streptomyces sp. OH-4156)
PTM-0440	(Z)-2,3-didehydrobutyrine	MOD_RES	Threonine	Amino acid backbone	Protein core	H-2 O-1	H-2 O-1	-18.010565	-18.02	Extracellular localisation		RESID:AA0182; PSI-MOD:MOD:01471; Unimod:23	Bacteria; taxId:1239 (Firmicutes)
PTM-0007	2,3-didehydrobutyrine	MOD_RES	Threonine	Amino acid backbone	Protein core	H-2 O-1	H-2 O-1	-18.010565	-18.02	Extracellular localisation		PSI-MOD:MOD:00190; Unimod:23	Bacteria; taxId:1239 (Firmicutes)
PTM-0379	1-amino-2-propanone	MOD_RES	Threonine	Amino acid backbone	C-terminal	C-1 H-2 O-2	C-1 H-2 O-2	-46.005479	-46.03	Extracellular and lumenal localisation		RESID:AA0486; PSI-MOD:MOD:01433	Bacteria; taxId:226900 (Bacillus cereus (strain ATCC 14579 / DSM 31 / JCM 2152 / NBRC 15305 / NCIMB 9373 / NRRL B-3711))
PTM-0003	1'-histidyl-3'-tyrosine (His-Tyr)	CROSSLNK	Histidine-Tyrosine	Amino acid side chain-Amino acid side chain	Anywhere-Anywhere	H-2	H-2	-2.01565	-2.02	Intramembrane		RESID:AA0270; PSI-MOD:MOD:00275	Archaea; taxId:2157 (Archaea); Bacteria; taxId:2 (Bacteria); Eukaryota; taxId:2759 (Eukaryota)
PTM-0004	1-thioglycine	MOD_RES	Glycine	Amino acid backbone	Protein core	O-1 S1	O-1 S	15.977156	16.06	Intracellular localisation		RESID:AA0265; PSI-MOD:MOD:00270; Unimod:420	Archaea; taxId:28890 (Euryarchaeota); Bacteria; taxId:2 (Bacteria); Eukaryota; taxId:2759 (Eukaryota)
PTM-0445	1-(tryptophan-3-yl)-tryptophan (Trp-Trp) (interchain with W-...)	CROSSLNK	Tryptophan-Tryptophan	Amino acid side chain-Amino acid side chain	Anywhere-Anywhere	H-2	H-2	-2.01565	-2.02	Intracellular localisation		RESID:AA0544; PSI-MOD:MOD:01818	Eukaryota; taxId:9606 (Homo sapiens)
PTM-0005	2'-(S-cysteinyl)-histidine (Cys-His)	CROSSLNK	Cysteine-Histidine	Amino acid side chain-Amino acid side chain	Anywhere-Anywhere	H-2	H-2	-2.01565	-2.02	Extracellular and lumenal localisation	Thioether bond	RESID:AA0109; PSI-MOD:MOD:00118	Eukaryota; taxId:6447 (Mollusca), taxId:91827 (Gunneridae), taxId:451864 (Dikarya)
PTM-0009	2',4',5'-topaquinone	MOD_RES	Tyrosine	Amino acid side chain	Anywhere	H-2 O2	H-2 O2	29.974179	29.98	Extracellular and lumenal localisation	TPQ	ChEBI:CHEBI:79027; RESID:AA0147; PSI-MOD:MOD:00156; Unimod:392	Bacteria; taxId:2 (Bacteria); Eukaryota; taxId:2759 (Eukaryota)
PTM-0338	2'-cysteinyl-6'-hydroxytryptophan sulfoxide (Trp-Cys)	CROSSLNK	Tryptophan-Cysteine	Amino acid side chain-Amino acid side chain	Anywhere-Anywhere	H-2 O2	H-2 O2	29.974179	29.98	Extracellular and lumenal localisation	Thioether bond	RESID:AA0451; PSI-MOD:MOD:01380	Eukaryota; taxId:67723 (Amanita phalloides)
PTM-0448	2-(3-methylbutanoyl)-5-hydroxyoxazole-4-carbothionic acid (Leu-Cys)	CROSSLNK	Leucine-Cysteine	Amino acid backbone-Amino acid backbone	Protein core-Protein core	H-7 N-1 O1	H-7 N-1 O	-5.062935	-5.06	Extracellular and lumenal localisation		RESID:AA0550; PSI-MOD:MOD:01844	Bacteria; taxId:426 (Methylosinus trichosporium)
PTM-0457	2-(4-guanidinobutanoyl)-5-hydroxyimidazole-4-carbothionic acid (Arg-Cys)	CROSSLNK	Arginine-Cysteine	Amino acid backbone-Amino acid backbone	Protein core-Protein core	H-6	H-6	-6.04695	-6.05	Extracellular and lumenal localisation		RESID:AA0553; PSI-MOD:MOD:01877	Bacteria; taxId:743836 (Methylocystis sp. (strain SB2))
PTM-0424	2-(S-cysteinyl)pyruvic acid O-phosphothioketal	MOD_RES	Cysteine	Amino acid side chain	Anywhere	C3 H5 O6 P1	C3 H5 O6 P	167.982375	168.04	Intracellular localisation	Pyruvate	ChEBI:CHEBI:149496; RESID:AA0391; PSI-MOD:MOD:00797	Bacteria; taxId:2 (Bacteria)
PTM-0010	2-cysteinyl-D-allo-threonine (Cys-Thr)	CROSSLNK	Cysteine-Threonine	Amino acid side chain-Amino acid backbone	Anywhere-Protein core	H-2	H-2	-2.01565	-2.02	Extracellular and lumenal localisation	D-amino acid; Thioether bond	RESID:AA0342; PSI-MOD:MOD:00347	Bacteria; taxId:1423 (Bacillus subtilis)
PTM-0011	2-cysteinyl-D-phenylalanine (Cys-Phe)	CROSSLNK	Cysteine-Phenylalanine	Amino acid side chain-Amino acid backbone	Anywhere-Protein core	H-2	H-2	-2.01565	-2.02	Extracellular and lumenal localisation	D-amino acid; Thioether bond	RESID:AA0341; PSI-MOD:MOD:00346	Bacteria; taxId:1423 (Bacillus subtilis)
PTM-0012	2-cysteinyl-L-phenylalanine (Cys-Phe)	CROSSLNK	Cysteine-Phenylalanine	Amino acid side chain-Amino acid backbone	Anywhere-Protein core	H-2	H-2	-2.01565	-2.02	Extracellular and lumenal localisation	Thioether bond	RESID:AA0340; PSI-MOD:MOD:00345	Bacteria; taxId:1423 (Bacillus subtilis)
PTM-0495	2-(S-cysteinyl)-methionine (Cys-Met)	CROSSLNK	Cysteine-Methionine	Amino acid side chain-Amino acid backbone	Anywhere-Protein core	H-2	H-2	-2.01565	-2.02	Extracellular localisation	Thioether bond	RESID:AA0559; PSI-MOD:MOD:01857	Bacteria; taxId:1386 (Bacillus)
PTM-0718	2-(cystein-S-ylcarbonyl)-3-methyl-4-(glutam-5-yloxy)methylindole (Glu-Cys)	CROSSLNK	Glutamate-Cysteine	Amino acid side chain-Amino acid side chain	Anywhere-Anywhere	C11 H7 N1 O1	C11 H7 N O	169.052764	169.18		Thioether bond	RESID:AA0488; PSI-MOD:MOD:01435	Bacteria; taxId:1885 (Streptomyces actuosus)
PTM-0013	2-iminomethyl-5-imidazolinone (Gln-Gly)	CROSSLNK	Glutamine-Glycine	Amino acid backbone-Amino acid backbone	Protein core-N-terminal	H-4 O-1	H-4 O-1	-20.026215	-20.03	Intracellular localisation		RESID:AA0189; PSI-MOD:MOD:00197	Eukaryota; taxId:6073 (Cnidaria)
PTM-0014	2-iminomethyl-5-imidazolinone (Glu-Gly)	CROSSLNK	Glutamate-Glycine	Amino acid backbone-Amino acid backbone	Protein core-N-terminal	H-4 O-1	H-4 O-1	-20.026215	-20.03	Intracellular localisation		RESID:AA0378; PSI-MOD:MOD:00383	Eukaryota; taxId:175771 (Heteractis crispa)
PTM-0015	2-iminomethyl-5-imidazolinone (Met-Gly)	CROSSLNK	Methionine-Glycine	Amino acid backbone-Amino acid backbone	Protein core-N-terminal	H-4 O-1	H-4 O-1	-20.026215	-20.03	Intracellular localisation		RESID:AA0379; PSI-MOD:MOD:00384	Eukaryota; taxId:6073 (Cnidaria)
PTM-0016	2-methylglutamine	MOD_RES	Glutamine	Amino acid backbone	Protein core	C1 H2	C H2	14.01565	14.03	Intracellular localisation	Methylation	RESID:AA0273; PSI-MOD:MOD:00278; Unimod:34	Archaea; taxId:79929 (Methanothermobacter marburgensis (strain ATCC BAA-927 / DSM 2133 / JCM 14651 / NBRC 100331 / OCM 82 / Marburg))
PTM-0304	2'-methylsulfonyltryptophan	MOD_RES	Tryptophan	Amino acid side chain	Anywhere	C1 H2 O2 S1	C H2 O2 S	77.97755	78.09	Extracellular and lumenal localisation	Methylation	RESID:AA0450; PSI-MOD:MOD:01379	Eukaryota; taxId:78357 (Amanita virosa)
PTM-0017	2-oxobutanoic acid	MOD_RES	Threonine	Amino acid backbone	N-terminal	H-3 N-1	H-3 N-1	-17.026549	-17.03	Extracellular and lumenal localisation		ChEBI:CHEBI:149508; RESID:AA0129; PSI-MOD:MOD:00138; Unimod:385	Bacteria; taxId:1282 (Staphylococcus epidermidis)
PTM-0687	2-oxo-5,5-dimethylhexanoate	MOD_RES	Threonine	Amino acid backbone	N-terminal	C4 H5 N-1	C4 H5 N-1	39.03605	39.08	Extracellular and lumenal localisation		ChEBI:CHEBI:149505	Bacteria; taxId:2 (Bacteria)
PTM-0018	2-tetrahydro-2-pyridyl-5-imidazolinone (Lys-Gly)	CROSSLNK	Lysine-Glycine	Amino acid backbone-Amino acid backbone	Protein core-N-terminal	H-7 N-1 O-1	H-7 N-1 O-1	-37.052764	-37.06	Intracellular localisation		RESID:AA0382; PSI-MOD:MOD:00387	Eukaryota; taxId:105402 (Zoanthus sp.)
PTM-0739	3-(L-phenylalan-2'-yl)-L-valine (Phe-Val)	CROSSLNK	Phenylalanine-Valine	Amino acid side chain-Amino acid side chain	Anywhere-Anywhere	H-2	H-2	-2.01565	-2.02	Intracellular localisation		RESID:AA0565; PSI-MOD:MOD:01881	Eukaryota; taxId:33678 (Cyanophoraceae)
PTM-0390	3-(O4'-tyrosyl)-valine (Val-Tyr)	CROSSLNK	Valine-Tyrosine	Amino acid side chain-Amino acid side chain	Anywhere-Anywhere	H-2	H-2	-2.01565	-2.02	Intracellular localisation		RESID:AA0490; PSI-MOD:MOD:01442	Bacteria; taxId:201174 (Actinobacteria)
PTM-0019	3'-(S-cysteinyl)-tyrosine (Cys-Tyr)	CROSSLNK	Cysteine-Tyrosine	Amino acid side chain-Amino acid side chain	Anywhere-Anywhere	H-2	H-2	-2.01565	-2.02	Extracellular and lumenal localisation	Thioether bond	RESID:AA0113; PSI-MOD:MOD:00122	Eukaryota; taxId:5132 (Hypomyces rosellus)
PTM-0020	3-(S-cysteinyl)-tyrosine (Cys-Tyr)	CROSSLNK	Cysteine-Tyrosine	Amino acid side chain-Amino acid side chain	Anywhere-Anywhere	H-2	H-2	-2.01565	-2.02	Extracellular and lumenal localisation	Thioether bond	RESID:AA0396; PSI-MOD:MOD:00803	Eukaryota; taxId:5141 (Neurospora crassa)
PTM-0021	3'-(S-cysteinyl)-tyrosine (Tyr-Cys)	CROSSLNK	Tyrosine-Cysteine	Amino acid side chain-Amino acid side chain	Anywhere-Anywhere	H-2	H-2	-2.01565	-2.02	Extracellular and lumenal localisation	Thioether bond	RESID:AA0113; PSI-MOD:MOD:00122	Bacteria; taxId:2 (Bacteria)
PTM-0022	3,4-dihydroxyarginine	MOD_RES	Arginine	Amino acid side chain	Anywhere	O2	O2	31.989829	32.0	Extracellular and lumenal localisation	Hydroxylation	ChEBI:CHEBI:141829; RESID:AA0369; PSI-MOD:MOD:00374; Unimod:425	Eukaryota; taxId:7725 (Styela clava)
PTM-0023	3',4'-dihydroxyphenylalanine	MOD_RES	Tyrosine	Amino acid side chain	Anywhere	O1	O	15.994915	16.0	Extracellular and lumenal localisation	Hydroxylation	ChEBI:CHEBI:141815; RESID:AA0146; PSI-MOD:MOD:00155; Unimod:35	Bacteria; taxId:201174 (Actinobacteria); Eukaryota; taxId:33208 (Metazoa)
PTM-0667	3',4',5'-trihydroxyphenylalanine	MOD_RES	Tyrosine	Amino acid side chain	Anywhere	O2	O2	31.989829	32.0	Extracellular and lumenal localisation	Hydroxylation	ChEBI:CHEBI:141811; RESID:AA0263; PSI-MOD:MOD:00268; Unimod:425	Eukaryota; taxId:33208 (Metazoa)
PTM-0668	2-hydroxyproline	MOD_RES	Proline	Amino acid side chain	Anywhere	O1	O	15.994915	16.0	Extracellular and lumenal localisation	Hydroxylation	ChEBI:CHEBI:141809; RESID:AA0602; PSI-MOD:MOD:01957	Bacteria; taxId:2 (Bacteria); Eukaryota; taxId:33208 (Metazoa)
PTM-0024	3,4-dihydroxyproline	MOD_RES	Proline	Amino acid side chain	Anywhere	O2	O2	31.989829	32.0	Extracellular and lumenal localisation	Hydroxylation	ChEBI:CHEBI:141832; PSI-MOD:MOD:00866	Bacteria; taxId:415003 (Microbispora sp. (strain 107891)); Eukaryota; taxId:6550 (Mytilus edulis)
PTM-0025	3-cysteinyl-aspartic acid (Cys-Asp)	CROSSLNK	Cysteine-Aspartate	Amino acid side chain-Amino acid side chain	Anywhere-Anywhere	H-2	H-2	-2.01565	-2.02	Extracellular and lumenal localisation	Thioether bond	RESID:AA0314; PSI-MOD:MOD:00319	Bacteria; taxId:1224 (Proteobacteria)
PTM-0713	3'-farnesyl-2',N2-cyclotryptophan	LIPID	Tryptophan	Amino acid side chain	Anywhere	C15 H24	C15 H24	204.187801	204.36		Prenylation	ChEBI:CHEBI:177368; RESID:AA0500; PSI-MOD:MOD:01590	Bacteria; taxId:1386 (Bacillus)
PTM-0026	3'-geranyl-2',N2-cyclotryptophan	LIPID	Tryptophan	Amino acid side chain	Anywhere	C10 H16	C10 H16	136.125201	136.24	Extracellular and lumenal localisation	Prenylation	ChEBI:CHEBI:141127; RESID:AA0408; PSI-MOD:MOD:00817	Bacteria; taxId:1386 (Bacillus)
PTM-0685	3'-prenyl-2',N2-cyclotryptophan	LIPID	Tryptophan	Amino acid side chain	Anywhere	C5 H8	C5 H8	68.0626	68.12		Prenylation	ChEBI:CHEBI:147338	Bacteria; taxId:1117 (Cyanobacteria)
PTM-0027	3'-histidyl-3-tyrosine (His-Tyr)	CROSSLNK	Histidine-Tyrosine	Amino acid side chain-Amino acid side chain	Anywhere-Anywhere	H-2	H-2	-2.01565	-2.02	Intracellular localisation		RESID:AA0250; PSI-MOD:MOD:00255	Bacteria; taxId:562 (Escherichia coli)
PTM-0028	3-hydroxyasparagine	MOD_RES	Asparagine	Amino acid side chain	Anywhere	O1	O	15.994915	16.0	Intracellular localisation or Extracellular and lumenal localisation	Hydroxylation	ChEBI:CHEBI:141828	Eukaryota; taxId:7742 (Vertebrata)
PTM-0029	3-hydroxyaspartate	MOD_RES	Aspartate	Amino acid side chain	Anywhere	O1	O	15.994915	16.0	Extracellular and lumenal localisation	Hydroxylation	ChEBI:CHEBI:17427	Eukaryota; taxId:7742 (Vertebrata)
PTM-0346	3-hydroxyphenylalanine	MOD_RES	Phenylalanine	Amino acid side chain	Anywhere	O1	O	15.994915	16.0	Extracellular and lumenal localisation	Hydroxylation	ChEBI:CHEBI:141841; RESID:AA0462; PSI-MOD:MOD:01385	Bacteria; taxId:35762 (Planobispora rosea)
PTM-0030	3-hydroxyproline	MOD_RES	Proline	Amino acid side chain	Anywhere	O1	O	15.994915	16.0	Extracellular and lumenal localisation	Hydroxylation	ChEBI:CHEBI:85428; RESID:AA0029; PSI-MOD:MOD:00038; Unimod:35	Eukaryota; taxId:33208 (Metazoa)
PTM-0454	3-hydroxypyridine-2,5-dicarboxylic acid (Ser-Cys) (with S-...)	CROSSLNK	Serine-Cysteine-Serine	Amino acid backbone-Amino acid backbone-Amino acid backbone	Protein core-Protein core-Protein core					Extracellular and lumenal localisation		RESID:AA0540; PSI-MOD:MOD:01814	Bacteria; taxId:1885 (Streptomyces actuosus)
PTM-0455	3-hydroxypyridine-2,5-dicarboxylic acid (Ser-Ser) (with C-...)	CROSSLNK	Serine-Serine-Cysteine	Amino acid backbone-Amino acid backbone-Amino acid backbone	Protein core-Protein core-Protein core					Extracellular and lumenal localisation		RESID:AA0540; PSI-MOD:MOD:01814	Bacteria; taxId:1885 (Streptomyces actuosus)
PTM-0031	3-hydroxytryptophan	MOD_RES	Tryptophan	Amino acid side chain	Anywhere	O1	O	15.994915	16.0	Intracellular localisation or Extracellular and lumenal localisation	Hydroxylation	ChEBI:CHEBI:141794; RESID:AA0322; PSI-MOD:MOD:00327; Unimod:35	Bacteria; taxId:1224 (Proteobacteria); Eukaryota; taxId:5306 (Phanerochaete chrysosporium)
PTM-0347	3-hydroxyvaline (Val)	MOD_RES	Valine	Amino acid side chain	Anywhere	O1	O	15.994915	16.0	Extracellular and lumenal localisation	Hydroxylation	ChEBI:CHEBI:141793; RESID:AA0463; PSI-MOD:MOD:01386	Bacteria; taxId:1386 (Bacillus)
PTM-0692	3-hydroxyvaline (Thr)	MOD_RES	Threonine	Amino acid side chain	Anywhere	C1 H2	C H2	14.01565	14.03	Extracellular and lumenal localisation	Methylation	ChEBI:CHEBI:141793	Bacteria; taxId:2 (Bacteria)
PTM-0694	3-hydroxy-D-valine	MOD_RES	Valine	Amino acid side chain	Anywhere	O1	O	15.994915	16.0	Extracellular and lumenal localisation	D-amino acid; Hydroxylation	ChEBI:CHEBI:149516	Bacteria; taxId:2 (Bacteria)
PTM-0693	(3S)-3-methylglutamine	MOD_RES	Glutamine	Amino acid side chain	Anywhere	C1 H2	C H2	14.01565	14.03	Extracellular and lumenal localisation	Methylation	ChEBI:CHEBI:149515	Bacteria; taxId:2 (Bacteria)
PTM-0688	3-methylisoleucine	MOD_RES	Isoleucine	Amino acid side chain	Anywhere	C1 H2	C H2	14.01565	14.03	Extracellular and lumenal localisation	Methylation	ChEBI:CHEBI:149510	Bacteria; taxId:2 (Bacteria)
PTM-0032	3-methylthioaspartic acid	MOD_RES	Aspartate	Amino acid side chain	Anywhere	C1 H2 S1	C H2 S	45.987721	46.09	Intracellular localisation	Methylation	ChEBI:CHEBI:73599; RESID:AA0232; PSI-MOD:MOD:00237; Unimod:39	Bacteria; taxId:2 (Bacteria)
PTM-0689	3-methylvaline	MOD_RES	Valine	Amino acid side chain	Anywhere	C1 H2	C H2	14.01565	14.03	Extracellular and lumenal localisation	Methylation	ChEBI:CHEBI:149511	Bacteria; taxId:2 (Bacteria)
PTM-0690	3-methyl-D-valine	MOD_RES	Valine	Amino acid side chain	Anywhere	C1 H2	C H2	14.01565	14.03	Extracellular and lumenal localisation	D-amino acid; Methylation	ChEBI:CHEBI:149513	Bacteria; taxId:2 (Bacteria)
PTM-0434	3'-nitrotyrosine	MOD_RES	Tyrosine	Amino acid side chain	Anywhere	H-1 N1 O2	H-1 N O2	44.985078	45.0	Intracellular localisation or Extracellular and lumenal localisation	Nitration	ChEBI:CHEBI:149694; RESID:AA0537; PSI-MOD:MOD:01786	Eukaryota; taxId:2759 (Eukaryota)
PTM-0033	3-oxoalanine (Cys)	MOD_RES	Cysteine	Amino acid side chain	Anywhere	H-2 O1 S-1	H-2 O S-1	-17.992806	-18.08	Extracellular and lumenal localisation		ChEBI:CHEBI:85621; RESID:AA0185; PSI-MOD:MOD:00193; Unimod:402	Bacteria; taxId:1224 (Proteobacteria), taxId:1239 (Firmicutes); Eukaryota; taxId:3041 (Chlorophyta), taxId:33208 (Metazoa)
PTM-0034	3-oxoalanine (Ser)	MOD_RES	Serine	Amino acid side chain	Anywhere	H-2	H-2	-2.01565	-2.02	Extracellular and lumenal localisation		ChEBI:CHEBI:85621; RESID:AA0185; PSI-MOD:MOD:00835; Unimod:401	Bacteria; taxId:1224 (Proteobacteria); Eukaryota; taxId:9606 (Homo sapiens)
PTM-0035	3-phenyllactic acid	MOD_RES	Phenylalanine	Amino acid backbone	N-terminal	H-1 N-1 O1	H-1 N-1 O	0.984016	0.98	Extracellular and lumenal localisation		RESID:AA0128; PSI-MOD:MOD:00137; Unimod:7	Eukaryota; taxId:6073 (Cnidaria)
PTM-0372	4,5,5'-trihydroxyleucine	MOD_RES	Leucine	Amino acid side chain	Anywhere	O3	O3	47.984744	48.0	Extracellular and lumenal localisation	Hydroxylation	ChEBI:CHEBI:141818; RESID:AA0480; PSI-MOD:MOD:01403	Eukaryota; taxId:78357 (Amanita virosa)
PTM-0711	4-(1-hydroxyethyl)-7-isoleucino-2-(threonin-O3-ylcarbonyl)-7,8-dihydroquinolin-8-ol (Ile-Thr)	CROSSLNK	Isoleucine-Threonine	Amino acid backbone-Amino acid side chain	N-terminal-Protein core	C12 H9 N1 O3	C12 H9 N O3	215.058243	215.21			RESID:AA0472; PSI-MOD:MOD:01395	Bacteria; taxId:201174 (Actinobacteria)
PTM-0036	4,5-dihydroxylysine	MOD_RES	Lysine	Amino acid side chain	Anywhere	O2	O2	31.989829	32.0	Extracellular and lumenal localisation	Hydroxylation	ChEBI:CHEBI:141816; RESID:AA0370; PSI-MOD:MOD:00375; Unimod:425	Eukaryota; taxId:7725 (Styela clava)
PTM-0038	4-aspartylphosphate	MOD_RES	Aspartate	Amino acid side chain	Anywhere	H1 O3 P1	H O3 P	79.966331	79.98	Intracellular localisation	Phosphoprotein	ChEBI:CHEBI:145811; RESID:AA0033; PSI-MOD:MOD:00042; Unimod:21	Archaea; taxId:28890 (Euryarchaeota); Bacteria; taxId:2 (Bacteria); Eukaryota; taxId:2763 (Rhodophyta), taxId:3027 (Cryptophyta), taxId:4751 (Fungi), taxId:33090 (Viridiplantae), taxId:38254 (Glaucocystophyceae)
PTM-0039	4-carboxyglutamate	MOD_RES	Glutamate	Amino acid side chain	Anywhere	C1 O2	C O2	43.989829	44.01	Extracellular and lumenal localisation	Gamma-carboxyglutamic acid	ChEBI:CHEBI:84990; RESID:AA0032; PSI-MOD:MOD:00041; Unimod:299	Eukaryota; taxId:6447 (Mollusca), taxId:7742 (Vertebrata)
PTM-0040	4-cysteinyl-glutamic acid (Cys-Glu)	CROSSLNK	Cysteine-Glutamate	Amino acid side chain-Amino acid side chain	Anywhere-Anywhere	H-2	H-2	-2.01565	-2.02	Extracellular and lumenal localisation	Thioether bond	RESID:AA0315; PSI-MOD:MOD:00320	Bacteria; taxId:1224 (Proteobacteria)
PTM-0041	4'-cysteinyl-tryptophylquinone (Cys-Trp)	CROSSLNK	Cysteine-Tryptophan	Amino acid side chain-Amino acid side chain	Anywhere-Anywhere	H-4 O2	H-4 O2	27.958529	27.97	Extracellular and lumenal localisation	CTQ; Thioether bond	ChEBI:CHEBI:20252; RESID:AA0313; PSI-MOD:MOD:00318	Bacteria; taxId:1224 (Proteobacteria)
PTM-0042	4-hydroxyarginine	MOD_RES	Arginine	Amino acid side chain	Anywhere	O1	O	15.994915	16.0	Intracellular localisation	Hydroxylation	ChEBI:CHEBI:141854; RESID:AA0215; PSI-MOD:MOD:00220; Unimod:35	Bacteria; taxId:47421 (Hydrogenophaga pseudoflava)
PTM-0453	4-hydroxyglutamate	MOD_RES	Glutamate	Amino acid side chain	Anywhere	O1	O	15.994915	16.0	Extracellular and lumenal localisation	Hydroxylation	ChEBI:CHEBI:141845; RESID:AA0487; PSI-MOD:MOD:01434	Bacteria; taxId:1885 (Streptomyces actuosus)
PTM-0664	4-hydroxylysine	MOD_RES	Lysine	Amino acid side chain	Anywhere	O1	O	15.994915	16.0	Extracellular and lumenal localisation	Hydroxylation	ChEBI:CHEBI:141495; RESID:AA0235; PSI-MOD:MOD:00240; Unimod:35	Eukaryota; taxId:40674 (Mammalia)
PTM-0043	4-hydroxyproline	MOD_RES	Proline	Amino acid side chain	Anywhere	O1	O	15.994915	16.0	Intracellular localisation or Extracellular and lumenal localisation	Hydroxylation	ChEBI:CHEBI:61965; RESID:AA0030; PSI-MOD:MOD:00039; Unimod:35	Bacteria; taxId:415003 (Microbispora sp. (strain 107891)); Eukaryota; taxId:2759 (Eukaryota)
PTM-0735	4-hydroxynonenal-conjugated cysteine	MOD_RES	Cysteine	Amino acid side chain	Anywhere					Intracellular localisation			Eukaryota; taxId:40674 (Mammalia)
PTM-0736	4-hydroxynonenal-conjugated histidine	MOD_RES	Histidine	Amino acid side chain	Anywhere					Intracellular localisation			Eukaryota; taxId:40674 (Mammalia)
PTM-0737	4-hydroxynonenal-conjugated lysine	MOD_RES	Lysine	Amino acid side chain	Anywhere					Intracellular localisation			Eukaryota; taxId:40674 (Mammalia)
PTM-0373	5-(methoxymethyl)thiazole-4-carboxylic acid (Val-Cys)	CROSSLNK	Valine-Cysteine	Amino acid backbone-Amino acid backbone	Protein core-Protein core	C2	C2	24.0	24.02	Extracellular and lumenal localisation	Methylation; Thioether bond	RESID:AA0468; PSI-MOD:MOD:01391	Bacteria; taxId:35762 (Planobispora rosea)
PTM-0348	5-amino-piperideine-2,5-dicarboxylic acid (Ser-Cys) (with S-...)	CROSSLNK	Serine-Cysteine-Serine	Amino acid backbone-Amino acid backbone-Amino acid backbone	Protein core-Protein core-Protein core					Extracellular and lumenal localisation		RESID:AA0471; PSI-MOD:MOD:01394	Bacteria; taxId:146537 (Streptomyces azureus)
PTM-0349	5-amino-piperideine-2,5-dicarboxylic acid (Ser-Ser) (with C-...)	CROSSLNK	Serine-Serine-Cysteine	Amino acid backbone-Amino acid backbone-Amino acid backbone	Protein core-Protein core-Protein core					Extracellular and lumenal localisation		RESID:AA0471; PSI-MOD:MOD:01395	Bacteria; taxId:146537 (Streptomyces azureus)
PTM-0406	5-glutamyl 2-aminoadipic acid	MOD_RES	Glutamate	Amino acid side chain	C-terminal	C6 H9 N1 O3	C6 H9 N O3	143.058243	143.14	Intracellular localisation		ChEBI:CHEBI:78503; RESID:AA0502; PSI-MOD:MOD:01605	Archaea; taxId:2157 (Archaea); Bacteria; taxId:1297 (Deinococcus-Thermus)
PTM-0403	5-glutamyl glycerylphosphorylethanolamine	MOD_RES	Glutamate	Amino acid side chain	Anywhere	C5 H12 N1 O5 P1	C5 H12 N O5 P	197.045309	197.13	Intracellular localisation	Phosphoprotein	ChEBI:CHEBI:156066; RESID:AA0170; PSI-MOD:MOD:00179; Unimod:396	Eukaryota; taxId:2759 (Eukaryota)
PTM-0478	5-glutamyl N2-ornithine	MOD_RES	Glutamate	Amino acid side chain	C-terminal	C5 H10 N2 O1	C5 H10 N2 O	114.079313	114.15	Intracellular localisation	Isopeptide bond	ChEBI:CHEBI:136763; PSI-MOD:MOD:01971	Archaea; taxId:2267 (Thermoproteaceae)
PTM-0479	5-glutamyl glutamate	MOD_RES	Glutamate	Amino acid side chain	Anywhere	C5 H7 N1 O3	C5 H7 N O3	129.042593	129.12	Intracellular localisation	Isopeptide bond	ChEBI:CHEBI:143622; RESID:AA0612; PSI-MOD:MOD:01970; Unimod:450	Archaea; taxId:2267 (Thermoproteaceae); Bacteria; taxId:2 (Bacteria); Eukaryota; taxId:2759 (Eukaryota)
PTM-0708	5-glutamyl glycine	MOD_RES	Glutamate	Amino acid side chain	Anywhere	C2 H3 N1 O1	C2 H3 N O	57.02146	57.05	Intracellular localisation	Isopeptide bond	ChEBI:CHEBI:167890	Eukaryota; taxId:2759 (Eukaryota)
PTM-0407	5-glutamyl N2-lysine	MOD_RES	Glutamate	Amino acid side chain	C-terminal	C6 H12 N2 O1	C6 H12 N2 O	128.094963	128.18	Intracellular localisation	Isopeptide bond	ChEBI:CHEBI:78526; RESID:AA0505; PSI-MOD:MOD:01608	Archaea; taxId:2157 (Archaea); Bacteria; taxId:1297 (Deinococcus-Thermus)
PTM-0394	5-glutamyl polyglycine	MOD_RES	Glutamate	Amino acid side chain	Anywhere					Intracellular localisation	Isopeptide bond	ChEBI:CHEBI:167891; RESID:AA0201; PSI-MOD:MOD:00206	Eukaryota; taxId:2759 (Eukaryota)
PTM-0395	5-glutamyl polyglutamate	MOD_RES	Glutamate	Amino acid side chain	Anywhere					Intracellular localisation	Isopeptide bond	ChEBI:CHEBI:143623; RESID:AA0202; PSI-MOD:MOD:00207	Bacteria; taxId:2 (Bacteria); Eukaryota; taxId:2759 (Eukaryota)
PTM-0466	5-hydroxy-3-methylproline (Ile)	MOD_RES	Isoleucine	Amino acid side chain	Anywhere	H-2 O1	H-2 O	13.979265	13.98	Extracellular and lumenal localisation	Hydroxylation; Methylation	RESID:AA0473; PSI-MOD:MOD:01897	Bacteria; taxId:1931 (Streptomyces sp.)
PTM-0044	5-hydroxylysine	MOD_RES	Lysine	Amino acid side chain	Anywhere	O1	O	15.994915	16.0	Extracellular and lumenal localisation	Hydroxylation	ChEBI:CHEBI:141817; RESID:AA0028; PSI-MOD:MOD:00037; Unimod:35	Eukaryota; taxId:33208 (Metazoa)
PTM-0471	(5R)-5-hydroxylysine	MOD_RES	Lysine	Amino acid side chain	Anywhere	O1	O	15.994915	16.0	Extracellular and lumenal localisation	Hydroxylation	ChEBI:CHEBI:133442; RESID:AA0028; PSI-MOD:MOD:01925; Unimod:35	Eukaryota; taxId:33208 (Metazoa)
PTM-0472	(5S)-5-hydroxylysine	MOD_RES	Lysine	Amino acid side chain	Anywhere	O1	O	15.994915	16.0	Extracellular and lumenal localisation	Hydroxylation	ChEBI:CHEBI:141843; RESID:AA0578; PSI-MOD:MOD:01918	Eukaryota; taxId:33208 (Metazoa)
PTM-0045	5-imidazolinone (Ala-Gly)	CROSSLNK	Alanine-Glycine	Amino acid backbone-Amino acid backbone	C-terminal-N-terminal	H-2 O-1	H-2 O-1	-18.010565	-18.02	Intracellular localisation		RESID:AA0187; PSI-MOD:MOD:00195	Archaea; taxId:28890 (Euryarchaeota); Bacteria; taxId:2 (Bacteria); Eukaryota; taxId:2759 (Eukaryota)
PTM-0046	5-imidazolinone (Asn-Gly)	CROSSLNK	Asparagine-Glycine	Amino acid backbone-Amino acid backbone	C-terminal-N-terminal	H-2 O-1	H-2 O-1	-18.010565	-18.02	Intracellular localisation		RESID:AA0380; PSI-MOD:MOD:00385	Eukaryota; taxId:105402 (Zoanthus sp.)
PTM-0047	5-imidazolinone (Cys-Gly)	CROSSLNK	Cysteine-Glycine	Amino acid backbone-Amino acid backbone	C-terminal-N-terminal	H-2 O-1	H-2 O-1	-18.010565	-18.02	Intracellular localisation		RESID:AA0188; PSI-MOD:MOD:00196	Bacteria; taxId:201174 (Actinobacteria); Eukaryota; taxId:6239 (Caenorhabditis elegans)
PTM-0048	5-imidazolinone (Lys-Gly)	CROSSLNK	Lysine-Glycine	Amino acid backbone-Amino acid backbone	C-terminal-N-terminal	H-2 O-1	H-2 O-1	-18.010565	-18.02	Intracellular localisation		RESID:AA0381; PSI-MOD:MOD:00386	Eukaryota; taxId:6073 (Cnidaria)
PTM-0049	5-imidazolinone (Ser-Gly)	CROSSLNK	Serine-Glycine	Amino acid backbone-Amino acid backbone	C-terminal-N-terminal	H-2 O-1	H-2 O-1	-18.010565	-18.02	Intracellular localisation		RESID:AA0184; PSI-MOD:MOD:00192	Bacteria; taxId:76856 (Fusobacterium nucleatum subsp. nucleatum); Eukaryota; taxId:61100 (Lupinus affinis), taxId:41956 (Amanita muscaria)
PTM-0050	5-methylarginine	MOD_RES	Arginine	Amino acid side chain	Anywhere	C1 H2	C H2	14.01565	14.03	Intracellular localisation	Methylation	ChEBI:CHEBI:166868; RESID:AA0272; PSI-MOD:MOD:00277; Unimod:34	Archaea; taxId:28890 (Euryarchaeota)
PTM-0461	5-methyloxazole-4-carboxylic acid (Cys-Thr)	CROSSLNK	Cysteine-Threonine	Amino acid backbone-Amino acid backbone	Protein core-Protein core	H-4 O-1	H-4 O-1	-20.026215	-20.03	Extracellular and lumenal localisation		RESID:AA0571; PSI-MOD:MOD:01900	Bacteria; taxId:326423 (Bacillus velezensis (strain DSM 23117 / BGSC 10A6 / FZB42)), taxId:1408 (Bacillus pumilus)
PTM-0386	5-methyloxazole-4-carboxylic acid (Ser-Thr)	CROSSLNK	Serine-Threonine	Amino acid backbone-Amino acid backbone	Protein core-Protein core	H-4 O-1	H-4 O-1	-20.026215	-20.03	Extracellular and lumenal localisation	Methylation	RESID:AA0474; PSI-MOD:MOD:01397	Bacteria; taxId:1931 (Streptomyces sp.)
PTM-0462	5-methyloxazole-4-carboxylic acid (Thr-Thr)	CROSSLNK	Threonine-Threonine	Amino acid backbone-Amino acid backbone	Protein core-Protein core	H-4 O-1	H-4 O-1	-20.026215	-20.03	Extracellular and lumenal localisation		RESID:AA0572; PSI-MOD:MOD:01901	Bacteria; taxId:326423 (Bacillus velezensis (strain DSM 23117 / BGSC 10A6 / FZB42)), taxId:1408 (Bacillus pumilus)
PTM-0352	5-methylthiazole-4-carboxylic acid (Asn-Cys)	CROSSLNK	Asparagine-Cysteine	Amino acid backbone-Amino acid backbone	Protein core-Protein core	C1 H-2 O-1	C H-2 O-1	-6.010565	-6.0	Extracellular and lumenal localisation	Methylation; Thioether bond	RESID:AA0469; PSI-MOD:MOD:01392	Bacteria; taxId:35762 (Planobispora rosea)
PTM-0465	5-methyloxazoline-4-carboxylic acid (Ser-Thr)	CROSSLNK	Serine-Threonine	Amino acid backbone-Amino acid backbone	Protein core-Protein core	H-2 O-1	H-2 O-1	-18.010565	-18.02	Extracellular and lumenal localisation		RESID:AA0575; PSI-MOD:MOD:01904	Bacteria; taxId:326423 (Bacillus velezensis (strain DSM 23117 / BGSC 10A6 / FZB42)), taxId:1408 (Bacillus pumilus)
PTM-0320	5'-tyrosyl-5'-aminotyrosine (Tyr-Tyr) (interchain with Y-...)	CROSSLNK	Tyrosine-Tyrosine	Amino acid side chain-Amino acid side chain	Anywhere-Anywhere	H-1 N1	H-1 N	12.995249	13.0	Extracellular and lumenal localisation		RESID:AA0459; PSI-MOD:MOD:01787	Eukaryota; taxId:68444 (Polypedates leucomystax)
PTM-0716	3'-bromotyrosine	MOD_RES	Tyrosine	Amino acid side chain	Anywhere	Br1 H-1	H-1 Br	77.910512	78.9	Extracellular and lumenal localisation	Bromination	ChEBI:CHEBI:183512; Unimod:340	Eukaryota; taxId:2759 (Eukaryota)
PTM-0051	6'-bromotryptophan	MOD_RES	Tryptophan	Amino acid side chain	Anywhere	Br1 H-1	H-1 Br	77.910512	78.9	Extracellular and lumenal localisation	Bromination	ChEBI:CHEBI:61899; RESID:AA0179; PSI-MOD:MOD:00188; Unimod:340	Eukaryota; taxId:33208 (Metazoa)
PTM-0444	5'-chlorotryptophan	MOD_RES	Tryptophan	Amino acid side chain	Anywhere	Cl1 H-1	H-1 Cl	33.961028	34.44	Extracellular and lumenal localisation		RESID:AA0549; PSI-MOD:MOD:01843; Unimod:936	Bacteria; taxId:2005 (Microbispora)
PTM-0681	6-(S-cysteinyl)-8alpha-(pros-histidyl)-FAD (His-Cys)	CROSSLNK	Histidine-Cysteine	Amino acid side chain-Amino acid side chain	Anywhere-Anywhere	C36 H41 N13 O17 P2 S1	C36 H41 N13 O17 P2 S	781.125835	781.52		FAD	RESID:AA0436; PSI-MOD:MOD:01182	Bacteria; taxId:2 (Bacteria); Eukaryota; taxId:2759 (Eukaryota)
PTM-0052	6'-chlorotryptophan	MOD_RES	Tryptophan	Amino acid side chain	Anywhere	Cl1 H-1	H-1 Cl	33.961028	34.44	Extracellular and lumenal localisation		RESID:AA0180; PSI-MOD:MOD:00886; Unimod:936	Bacteria; taxId:2005 (Microbispora)
PTM-0427	7'-hydroxytryptophan	MOD_RES	Tryptophan	Amino acid side chain	Anywhere	O1	O	15.994915	16.0	Extracellular and lumenal localisation	Hydroxylation	ChEBI:CHEBI:141831; RESID:AA0520; PSI-MOD:MOD:01664	Eukaryota; taxId:73031 (Perna viridis)
PTM-0053	ADP-ribosylarginine	MOD_RES	Arginine	Amino acid side chain	Anywhere	C15 H21 N5 O13 P2	C15 H21 N5 O13 P2	541.061109	541.3	Intracellular localisation	ADP-ribosylation	ChEBI:CHEBI:142554; RESID:AA0168; PSI-MOD:MOD:00177; Unimod:213	Archaea; taxId:28890 (Euryarchaeota); Bacteria; taxId:2 (Bacteria); Eukaryota; taxId:2759 (Eukaryota)
PTM-0715	ADP-riboxanated arginine	MOD_RES	Arginine	Amino acid side chain	Anywhere	C15 H18 N4 O13 P2	C15 H18 N4 O13 P2	524.03456	524.27	Intracellular localisation		ChEBI:CHEBI:184300	Eukaryota; taxId:2759 (Eukaryota)
PTM-0709	ADP-alpha-D-ribosylarginine	MOD_RES	Arginine	Amino acid side chain	Anywhere	C15 H21 N5 O13 P2	C15 H21 N5 O13 P2	541.061109	541.3	Intracellular localisation	ADP-ribosylation	ChEBI:CHEBI:83960; RESID:AA0168; PSI-MOD:MOD:00177; Unimod:213	Archaea; taxId:28890 (Euryarchaeota); Bacteria; taxId:2 (Bacteria); Eukaryota; taxId:2759 (Eukaryota)
PTM-0054	ADP-ribosylasparagine	MOD_RES	Asparagine	Amino acid side chain	Anywhere	C15 H21 N5 O13 P2	C15 H21 N5 O13 P2	541.061109	541.3	Intracellular localisation	ADP-ribosylation	ChEBI:CHEBI:142555; RESID:AA0231; PSI-MOD:MOD:00236; Unimod:213	Eukaryota; taxId:9606 (Homo sapiens)
PTM-0497	ADP-ribosyl aspartic acid	MOD_RES	Aspartate	Amino acid side chain	Anywhere	C15 H21 N5 O13 P2	C15 H21 N5 O13 P2	541.061109	541.3	Intracellular localisation	ADP-ribosylation	ChEBI:CHEBI:138102	Bacteria; taxId:2 (Bacteria); Eukaryota; taxId:7742 (Vertebrata)
PTM-0055	ADP-ribosylcysteine	MOD_RES	Cysteine	Amino acid side chain	Anywhere	C15 H21 N5 O13 P2	C15 H21 N5 O13 P2	541.061109	541.3	Intracellular localisation	ADP-ribosylation	ChEBI:CHEBI:140607; RESID:AA0169; PSI-MOD:MOD:00178; Unimod:213	Eukaryota; taxId:40674 (Mammalia)
PTM-0672	ADP-ribosyldiphthamide	MOD_RES	Histidine	Amino acid side chain	Anywhere	C22 H36 N7 O14 P2	C22 H36 N7 O14 P2	684.178999	684.51	Intracellular localisation	ADP-ribosylation	ChEBI:CHEBI:82697; PSI-MOD:MOD:01145	Eukaryota; taxId:2759 (Eukaryota)
PTM-0646	ADP-ribosyl glutamic acid	MOD_RES	Glutamate	Amino acid side chain	Anywhere	C15 H21 N5 O13 P2	C15 H21 N5 O13 P2	541.061109	541.3	Intracellular localisation	ADP-ribosylation	ChEBI:CHEBI:142540	Eukaryota; taxId:40674 (Mammalia)
PTM-0671	ADP-ribosylglycine	MOD_RES	Glycine	Amino acid backbone	C-terminal					Intracellular localisation	ADP-ribosylation	ChEBI:CHEBI:142558	Eukaryota; taxId:2759 (Eukaryota)
PTM-0720	ADP-ribosylhistidine	MOD_RES	Histidine	Amino acid side chain	Anywhere	C15 H21 N5 O13 P2	C15 H21 N5 O13 P2	541.061109	541.3	Intracellular localisation	ADP-ribosylation	ChEBI:CHEBI:191398; PSI-MOD:MOD:00752; Unimod:213	Eukaryota; taxId:2759 (Eukaryota)
PTM-0056	ADP-ribosylserine	MOD_RES	Serine	Amino acid side chain	Anywhere	C15 H21 N5 O13 P2	C15 H21 N5 O13 P2	541.061109	541.3	Intracellular localisation	ADP-ribosylation	ChEBI:CHEBI:142556; RESID:AA0237; PSI-MOD:MOD:00242; Unimod:213	Eukaryota; taxId:9606 (Homo sapiens)
PTM-0721	ADP-ribosylthreonine	MOD_RES	Threonine	Amino acid side chain	Anywhere	C15 H21 N5 O13 P2	C15 H21 N5 O13 P2	541.061109	541.3	Intracellular localisation	ADP-ribosylation	ChEBI:CHEBI:192363; RESID:AA0519; PSI-MOD:MOD:01663; Unimod:213	Eukaryota; taxId:2759 (Eukaryota)
PTM-0670	ADP-ribosyltyrosine	MOD_RES	Tyrosine	Amino acid side chain	Anywhere					Intracellular localisation	ADP-ribosylation	ChEBI:CHEBI:142557	Eukaryota; taxId:2759 (Eukaryota)
PTM-0057	Alanine amide	MOD_RES	Alanine	Amino acid backbone	C-terminal	H1 N1 O-1	H N O-1	-0.984016	-0.98	Extracellular and lumenal localisation	Amidation	ChEBI:CHEBI:145896; RESID:AA0081; PSI-MOD:MOD:00090; Unimod:2	Eukaryota; taxId:33208 (Metazoa)
PTM-0058	Alanine derivative	MOD_RES	Alanine									PSI-MOD:MOD:00901	Archaea; taxId:2157 (Archaea); Bacteria; taxId:2 (Bacteria); Eukaryota; taxId:2759 (Eukaryota)
PTM-0418	Alanine isoaspartyl cyclopeptide (Ala-Asn)	CROSSLNK	Alanine-Asparagine	Amino acid backbone-Amino acid side chain	N-terminal-Protein core	H-3 N-1	H-3 N-1	-17.026549	-17.03	Extracellular and lumenal localisation		RESID:AA0515; PSI-MOD:MOD:01618	Eukaryota; taxId:9258 (Ornithorhynchus anatinus)
PTM-0059	Allysine	MOD_RES	Lysine	Amino acid side chain	Anywhere	H-3 N-1 O1	H-3 N-1 O	-1.031634	-1.03	Extracellular and lumenal localisation		ChEBI:CHEBI:131803; RESID:AA0121; PSI-MOD:MOD:00130; Unimod:352	Archaea; taxId:2157 (Archaea); Bacteria; taxId:2 (Bacteria); Eukaryota; taxId:2759 (Eukaryota)
PTM-0321	Aminomalonic acid (Ser)	MOD_RES	Serine	Amino acid side chain	Anywhere	H-2 O1	H-2 O	13.979265	13.98	Extracellular and lumenal localisation		RESID:AA0458; PSI-MOD:MOD:01384	Eukaryota; taxId:68444 (Polypedates leucomystax)
PTM-0060	Arginine amide	MOD_RES	Arginine	Amino acid backbone	C-terminal	H1 N1 O-1	H N O-1	-0.984016	-0.98	Extracellular and lumenal localisation	Amidation	ChEBI:CHEBI:145897; RESID:AA0082; PSI-MOD:MOD:00091; Unimod:2	Eukaryota; taxId:33208 (Metazoa)
PTM-0061	Arginine derivative	MOD_RES	Arginine									PSI-MOD:MOD:00902	Archaea; taxId:2157 (Archaea); Bacteria; taxId:2 (Bacteria); Eukaryota; taxId:2759 (Eukaryota)
PTM-0062	Asparagine amide	MOD_RES	Asparagine	Amino acid backbone	C-terminal	H1 N1 O-1	H N O-1	-0.984016	-0.98	Extracellular and lumenal localisation	Amidation	ChEBI:CHEBI:145898; RESID:AA0083; PSI-MOD:MOD:00092; Unimod:2	Eukaryota; taxId:33208 (Metazoa)
PTM-0732	Aspartate methyl ester	MOD_RES	Aspartate	Amino acid side chain	Anywhere	C1 H2	C H2	14.01565	14.03	Intracellular localisation	Methylation	ChEBI:CHEBI:197389; RESID:AA0435; PSI-MOD:MOD:01181; Unimod:34	Archaea; taxId:2157 (Archaea); Bacteria; taxId:2 (Bacteria)
PTM-0334	Aspartate 1-(chondroitin 4-sulfate)-ester	MOD_RES	Aspartate	Amino acid backbone	C-terminal					Extracellular and lumenal localisation	Proteoglycan	RESID:AA0219; PSI-MOD:MOD:00224	Eukaryota; taxId:40674 (Mammalia)
PTM-0335	Aspartic acid 1-[(3-aminopropyl)(5'-adenosyl)phosphono]amide	MOD_RES	Asparagine	Amino acid backbone	C-terminal	C13 H19 N6 O6 P1	C13 H19 N6 O6 P	386.110369	386.3		Phosphoprotein	RESID:AA0328; PSI-MOD:MOD:00333; Unimod:437	Bacteria; taxId:562 (Escherichia coli)
PTM-0063	Aspartic acid 1-amide	MOD_RES	Aspartate	Amino acid backbone	C-terminal	H1 N1 O-1	H N O-1	-0.984016	-0.98	Extracellular and lumenal localisation	Amidation	ChEBI:CHEBI:145899; RESID:AA0084; PSI-MOD:MOD:00093; Unimod:2	Eukaryota; taxId:6491 (Conus geographus), taxId:8395 (Phyllomedusa sauvagei)
PTM-0064	Aspartyl aldehyde	MOD_RES	Aspartate	Amino acid side chain	Anywhere	O-1	O-1	-15.994915	-16.0	Intramembrane		RESID:AA0373; PSI-MOD:MOD:00378; Unimod:447	Eukaryota; taxId:2763 (Rhodophyta), taxId:3027 (Cryptophyta), taxId:33090 (Viridiplantae), taxId:33634 (Stramenopiles), taxId:33682 (Euglenozoa), taxId:38254 (Glaucocystophyceae)
PTM-0489	Isoaspartyl glycine isopeptide (Asn-Gly)	CROSSLNK	Asparagine-Glycine	Amino acid side chain-Amino acid backbone	Anywhere-Anywhere	H-3 N-1	H-3 N-1	-17.026549	-17.03	Extracellular and lumenal localisation	Isopeptide bond	RESID:AA0126; PSI-MOD:MOD:00135	Eukaryota; taxId:2759 (Eukaryota)
PTM-0490	Isoaspartyl glycine isopeptide (Asp-Gly)	CROSSLNK	Aspartate-Glycine	Amino acid side chain-Amino acid backbone	Anywhere-Anywhere	H-2 O-1	H-2 O-1	-18.010565	-18.02	Extracellular and lumenal localisation	Isopeptide bond	RESID:AA0126; PSI-MOD:MOD:01805	Eukaryota; taxId:2759 (Eukaryota)
PTM-0686	Isoaspartyl glycine isopeptide (Gly-Asp)	CROSSLNK	Glycine-Aspartate	Amino acid backbone-Amino acid side chain	N-terminal-Anywhere	H-2 O-1	H-2 O-1	-18.010565	-18.02	Extracellular and lumenal localisation	Isopeptide bond	RESID:AA0126; PSI-MOD:MOD:01805	Bacteria; taxId:2 (Bacteria)
PTM-0066	Asymmetric dimethylarginine	MOD_RES	Arginine	Amino acid side chain	Anywhere	C2 H4	C2 H4	28.0313	28.05	Intracellular localisation	Methylation	ChEBI:CHEBI:61897; RESID:AA0068; PSI-MOD:MOD:00077; Unimod:36	Eukaryota; taxId:2759 (Eukaryota)
PTM-0314	Beta-decarboxylated aspartate	MOD_RES	Aspartate	Amino acid side chain	Anywhere	C-1 O-2	C-1 O-2	-43.989829	-44.01	Extracellular and lumenal localisation		RESID:AA0001; PSI-MOD:MOD:00869	Eukaryota; taxId:9606 (Homo sapiens)
PTM-0067	Beta-methyllanthionine (Cys-Thr)	CROSSLNK	Cysteine-Threonine	Amino acid side chain-Amino acid side chain	Anywhere-Anywhere	H-2 O-1	H-2 O-1	-18.010565	-18.02	Extracellular and lumenal localisation	Thioether bond	RESID:AA0112; PSI-MOD:MOD:00121	Bacteria; taxId:2 (Bacteria)
PTM-0068	Beta-methyllanthionine (Thr-Cys)	CROSSLNK	Threonine-Cysteine	Amino acid side chain-Amino acid side chain	Anywhere-Anywhere	H-2 O-1	H-2 O-1	-18.010565	-18.02	Extracellular and lumenal localisation	Thioether bond	RESID:AA0112; PSI-MOD:MOD:00121	Bacteria; taxId:2 (Bacteria)
PTM-0069	Beta-methyllanthionine sulfoxide (Thr-Cys)	CROSSLNK	Threonine-Cysteine	Amino acid side chain-Amino acid side chain	Anywhere-Anywhere	H-2	H-2	-2.01565	-2.02	Extracellular and lumenal localisation		RESID:AA0330; PSI-MOD:MOD:00335	Bacteria; taxId:69484 (Actinoplanes liguriensis)
PTM-0070	Blocked amino end (Ala)	MOD_RES	Alanine										Archaea; taxId:2157 (Archaea); Bacteria; taxId:2 (Bacteria); Eukaryota; taxId:2759 (Eukaryota)
PTM-0071	Blocked amino end (Arg)	MOD_RES	Arginine										Archaea; taxId:2157 (Archaea); Bacteria; taxId:2 (Bacteria); Eukaryota; taxId:2759 (Eukaryota)
PTM-0072	Blocked amino end (Asn)	MOD_RES	Asparagine										Archaea; taxId:2157 (Archaea); Bacteria; taxId:2 (Bacteria); Eukaryota; taxId:2759 (Eukaryota)
PTM-0073	Blocked amino end (Asp)	MOD_RES	Aspartate										Archaea; taxId:2157 (Archaea); Bacteria; taxId:2 (Bacteria); Eukaryota; taxId:2759 (Eukaryota)
PTM-0074	Blocked amino end (Asx)	MOD_RES	Asparagine or Aspartate										Archaea; taxId:2157 (Archaea); Bacteria; taxId:2 (Bacteria); Eukaryota; taxId:2759 (Eukaryota)
PTM-0075	Blocked amino end (Cys)	MOD_RES	Cysteine										Archaea; taxId:2157 (Archaea); Bacteria; taxId:2 (Bacteria); Eukaryota; taxId:2759 (Eukaryota)
PTM-0076	Blocked amino end (Gln)	MOD_RES	Glutamine										Archaea; taxId:2157 (Archaea); Bacteria; taxId:2 (Bacteria); Eukaryota; taxId:2759 (Eukaryota)
PTM-0077	Blocked amino end (Glu)	MOD_RES	Glutamate										Archaea; taxId:2157 (Archaea); Bacteria; taxId:2 (Bacteria); Eukaryota; taxId:2759 (Eukaryota)
PTM-0078	Blocked amino end (Gly)	MOD_RES	Glycine										Archaea; taxId:2157 (Archaea); Bacteria; taxId:2 (Bacteria); Eukaryota; taxId:2759 (Eukaryota)
PTM-0079	Blocked amino end (Ile)	MOD_RES	Isoleucine										Archaea; taxId:2157 (Archaea); Bacteria; taxId:2 (Bacteria); Eukaryota; taxId:2759 (Eukaryota)
PTM-0080	Blocked amino end (Leu)	MOD_RES	Leucine										Archaea; taxId:2157 (Archaea); Bacteria; taxId:2 (Bacteria); Eukaryota; taxId:2759 (Eukaryota)
PTM-0081	Blocked amino end (Met)	MOD_RES	Methionine										Archaea; taxId:2157 (Archaea); Bacteria; taxId:2 (Bacteria); Eukaryota; taxId:2759 (Eukaryota)
PTM-0082	Blocked amino end (Pro)	MOD_RES	Proline										Archaea; taxId:2157 (Archaea); Bacteria; taxId:2 (Bacteria); Eukaryota; taxId:2759 (Eukaryota)
PTM-0083	Blocked amino end (Ser)	MOD_RES	Serine										Archaea; taxId:2157 (Archaea); Bacteria; taxId:2 (Bacteria); Eukaryota; taxId:2759 (Eukaryota)
PTM-0084	Blocked amino end (Thr)	MOD_RES	Threonine										Archaea; taxId:2157 (Archaea); Bacteria; taxId:2 (Bacteria); Eukaryota; taxId:2759 (Eukaryota)
PTM-0085	Blocked amino end (Val)	MOD_RES	Valine										Archaea; taxId:2157 (Archaea); Bacteria; taxId:2 (Bacteria); Eukaryota; taxId:2759 (Eukaryota)
PTM-0086	Blocked amino end (Xaa)	MOD_RES	Undefined										Archaea; taxId:2157 (Archaea); Bacteria; taxId:2 (Bacteria); Eukaryota; taxId:2759 (Eukaryota)
PTM-0087	Blocked carboxyl end (Arg)	MOD_RES	Arginine										Archaea; taxId:2157 (Archaea); Bacteria; taxId:2 (Bacteria); Eukaryota; taxId:2759 (Eukaryota)
PTM-0088	Blocked carboxyl end (His)	MOD_RES	Histidine										Archaea; taxId:2157 (Archaea); Bacteria; taxId:2 (Bacteria); Eukaryota; taxId:2759 (Eukaryota)
PTM-0089	Bromohistidine	MOD_RES	Histidine	Amino acid side chain	Anywhere	Br1 H-1	H-1 Br	77.910512	78.9	Extracellular and lumenal localisation	Bromination	RESID:AA0173; PSI-MOD:MOD:00182; Unimod:340	Eukaryota; taxId:7644 (Clypeaster japonicus)
PTM-0090	Cholesterol glycine ester	LIPID	Glycine	Amino acid backbone	C-terminal	C27 H44	C27 H44	368.344301	368.65	Extracellular and lumenal localisation	Lipoprotein	ChEBI:CHEBI:143135; RESID:AA0309; PSI-MOD:MOD:00314; Unimod:432	Eukaryota; taxId:33208 (Metazoa)
PTM-0091	Cis-14-hydroxy-10,13-dioxo-7-heptadecenoic acid aspartate ester	LIPID	Aspartate	Amino acid side chain	Anywhere	C17 H26 O4	C17 H26 O4	294.183109	294.39	Extracellular and lumenal localisation	Lipoprotein	RESID:AA0316; PSI-MOD:MOD:00321; Unimod:434	Eukaryota; taxId:33090 (Viridiplantae)
PTM-0092	Citrulline	MOD_RES	Arginine	Amino acid side chain	Anywhere	H-1 N-1 O1	H-1 N-1 O	0.984016	0.98	Intracellular localisation	Citrullination	ChEBI:CHEBI:83397; RESID:AA0214; PSI-MOD:MOD:00219; Unimod:7	Eukaryota; taxId:7742 (Vertebrata)
PTM-0380	Cyclo[(prolylserin)-O-yl] cysteinate	MOD_RES	Cysteine	Amino acid backbone	C-terminal					Extracellular and lumenal localisation		PSI-MOD:MOD:01437	Bacteria; taxId:201174 (Actinobacteria)
PTM-0093	Cyclopeptide (Ala-Arg)	CROSSLNK	Alanine-Arginine	Amino acid backbone-Amino acid backbone	N-terminal-C-terminal	H-2 O-1	H-2 O-1	-18.010565	-18.02	Extracellular and lumenal localisation			Eukaryota; taxId:58431 (Chassalia parviflora)
PTM-0315	Cyclopeptide (Ala-Ile)	CROSSLNK	Alanine-Isoleucine	Amino acid backbone-Amino acid backbone	N-terminal-C-terminal	H-2 O-1	H-2 O-1	-18.010565	-18.02	Extracellular and lumenal localisation			Eukaryota; taxId:3996 (Jatropha multifida)
PTM-0307	Cyclopeptide (Ala-Pro)	CROSSLNK	Alanine-Proline	Amino acid backbone-Amino acid backbone	N-terminal-C-terminal	H-2 O-1	H-2 O-1	-18.010565	-18.02	Extracellular and lumenal localisation			Eukaryota; taxId:78357 (Amanita virosa)
PTM-0094	Cyclopeptide (Arg-Cys) (interchain with C-...)	CROSSLNK	Arginine-Cysteine	Amino acid backbone-Amino acid backbone	N-terminal-C-terminal					Extracellular and lumenal localisation			Eukaryota; taxId:9544 (Macaca mulatta)
PTM-0095	Cyclopeptide (Asn-Gly)	CROSSLNK	Asparagine-Glycine	Amino acid backbone-Amino acid backbone	N-terminal-C-terminal	H-2 O-1	H-2 O-1	-18.010565	-18.02	Extracellular and lumenal localisation			Bacteria; taxId:1423 (Bacillus subtilis)
PTM-0096	Cyclopeptide (Asp-Asn)	CROSSLNK	Aspartate-Asparagine	Amino acid backbone-Amino acid backbone	N-terminal-C-terminal	H-2 O-1	H-2 O-1	-18.010565	-18.02	Extracellular and lumenal localisation			Eukaryota; taxId:9544 (Macaca mulatta)
PTM-0097	Cyclopeptide (Cys-Arg) (interchain with R-...)	CROSSLNK	Cysteine-Arginine	Amino acid backbone-Amino acid backbone	C-terminal-N-terminal					Extracellular and lumenal localisation			Eukaryota; taxId:9544 (Macaca mulatta)
PTM-0496	Cyclopeptide (Cys-Ile)	CROSSLNK	Cysteine-Isoleucine	Amino acid backbone-Amino acid backbone	N-terminal-C-terminal	H-2 O-1	H-2 O-1	-18.010565	-18.02	Extracellular localisation			Bacteria; taxId:1386 (Bacillus)
PTM-0652	Cyclopeptide (Cys-Pro)	CROSSLNK	Cysteine-Proline	Amino acid backbone-Amino acid backbone	N-terminal-C-terminal	H-2 O-1	H-2 O-1	-18.010565	-18.02	Extracellular and lumenal localisation			Eukaryota; taxId:87325 (Amanita bisporigera)
PTM-0635	Cyclopeptide (Glu-Asn)	CROSSLNK	Glutamate-Asparagine	Amino acid backbone-Amino acid backbone	N-terminal-C-terminal	H-2 O-1	H-2 O-1	-18.010565	-18.02	Extracellular and lumenal localisation			Eukaryota; taxId:71240 (eudicotyledons)
PTM-0643	Cyclopeptide (Gly-Arg)	CROSSLNK	Glycine-Arginine	Amino acid backbone-Amino acid backbone	N-terminal-C-terminal	H-2 O-1	H-2 O-1	-18.010565	-18.02	Extracellular and lumenal localisation			Eukaryota; taxId:71240 (eudicotyledons)
PTM-0098	Cyclopeptide (Gly-Asn)	CROSSLNK	Glycine-Asparagine	Amino acid backbone-Amino acid backbone	N-terminal-C-terminal	H-2 O-1	H-2 O-1	-18.010565	-18.02	Extracellular and lumenal localisation			Eukaryota; taxId:71240 (eudicotyledons)
PTM-0099	Cyclopeptide (Gly-Asp)	CROSSLNK	Glycine-Aspartate	Amino acid backbone-Amino acid backbone	N-terminal-C-terminal	H-2 O-1	H-2 O-1	-18.010565	-18.02	Extracellular and lumenal localisation			Eukaryota; taxId:71240 (eudicotyledons)
PTM-0653	Cyclopeptide (Gly-Pro)	CROSSLNK	Glycine-Proline	Amino acid backbone-Amino acid backbone	N-terminal-C-terminal	H-2 O-1	H-2 O-1	-18.010565	-18.02	Extracellular and lumenal localisation			Eukaryota; taxId:87325 (Amanita bisporigera)
PTM-0436	Cyclopeptide (His-Asn)	CROSSLNK	Histidine-Asparagine	Amino acid backbone-Amino acid backbone	N-terminal-C-terminal	H-2 O-1	H-2 O-1	-18.010565	-18.02	Extracellular and lumenal localisation			Eukaryota; taxId:43366 (Clitoria ternatea)
PTM-0437	Cyclopeptide (His-Asp)	CROSSLNK	Histidine-Aspartate	Amino acid backbone-Amino acid backbone	N-terminal-C-terminal	H-2 O-1	H-2 O-1	-18.010565	-18.02	Extracellular and lumenal localisation			Eukaryota; taxId:43366 (Clitoria ternatea)
PTM-0654	Cyclopeptide (His-Pro)	CROSSLNK	Histidine-Proline	Amino acid backbone-Amino acid backbone	N-terminal-C-terminal	H-2 O-1	H-2 O-1	-18.010565	-18.02	Extracellular and lumenal localisation			Eukaryota; taxId:87325 (Amanita bisporigera)
PTM-0714	Cyclopeptide (Ile-Lys)	CROSSLNK	Isoleucine-Lysine	Amino acid backbone-Amino acid backbone	N-terminal-C-terminal	H-2 O-1	H-2 O-1	-18.010565	-18.02				Eukaryota; taxId:6855 (Scorpiones)
PTM-0339	Cyclopeptide (Ile-Pro)	CROSSLNK	Isoleucine-Proline	Amino acid backbone-Amino acid backbone	N-terminal-C-terminal	H-2 O-1	H-2 O-1	-18.010565	-18.02	Extracellular and lumenal localisation			Eukaryota; taxId:67723 (Amanita phalloides)
PTM-0353	Cyclopeptide (Leu-Leu)	CROSSLNK	Leucine-Leucine	Amino acid backbone-Amino acid backbone	N-terminal-C-terminal	H-2 O-1	H-2 O-1	-18.010565	-18.02	Extracellular and lumenal localisation			Bacteria; taxId:2751 (Carnobacterium maltaromaticum)
PTM-0655	Cyclopeptide (Leu-Pro)	CROSSLNK	Leucine-Proline	Amino acid backbone-Amino acid backbone	N-terminal-C-terminal	H-2 O-1	H-2 O-1	-18.010565	-18.02	Extracellular and lumenal localisation			Eukaryota; taxId:87325 (Amanita bisporigera)
PTM-0319	Cyclopeptide (Leu-Trp)	CROSSLNK	Leucine-Tryptophan	Amino acid backbone-Amino acid backbone	N-terminal-C-terminal	H-2 O-1	H-2 O-1	-18.010565	-18.02	Extracellular and lumenal localisation			Bacteria; taxId:1349 (Streptococcus uberis)
PTM-0100	Cyclopeptide (Lys-Asp)	CROSSLNK	Lysine-Aspartate	Amino acid backbone-Amino acid backbone	N-terminal-C-terminal	H-2 O-1	H-2 O-1	-18.010565	-18.02	Extracellular and lumenal localisation			Eukaryota; taxId:71240 (eudicotyledons)
PTM-0661	Cyclopeptide (Met-Pro)	CROSSLNK	Methionine-Proline	Amino acid backbone-Amino acid backbone	N-terminal-C-terminal	H-2 O-1	H-2 O-1	-18.010565	-18.02	Extracellular and lumenal localisation			Eukaryota; taxId:67723 (Amanita phalloides)
PTM-0656	Cyclopeptide (Phe-Pro)	CROSSLNK	Phenylalanine-Proline	Amino acid backbone-Amino acid backbone	N-terminal-C-terminal	H-2 O-1	H-2 O-1	-18.010565	-18.02	Extracellular and lumenal localisation			Eukaryota; taxId:87325 (Amanita bisporigera)
PTM-0316	Cyclopeptide (Pro-Met)	CROSSLNK	Proline-Methionine	Amino acid backbone-Amino acid backbone	N-terminal-C-terminal	H-2 O-1	H-2 O-1	-18.010565	-18.02	Extracellular and lumenal localisation			Eukaryota; taxId:49314 (Annona cherimola)
PTM-0317	Cyclopeptide (Pro-Tyr)	CROSSLNK	Proline-Tyrosine	Amino acid backbone-Amino acid backbone	N-terminal-C-terminal	H-2 O-1	H-2 O-1	-18.010565	-18.02	Extracellular and lumenal localisation			Eukaryota; taxId:49314 (Annona cherimola)
PTM-0101	Cyclopeptide (Ser-Asn)	CROSSLNK	Serine-Asparagine	Amino acid backbone-Amino acid backbone	N-terminal-C-terminal	H-2 O-1	H-2 O-1	-18.010565	-18.02	Extracellular and lumenal localisation			Eukaryota; taxId:71240 (eudicotyledons)
PTM-0318	Cyclopeptide (Ser-Gly)	CROSSLNK	Serine-Glycine	Amino acid backbone-Amino acid backbone	N-terminal-C-terminal	H-2 O-1	H-2 O-1	-18.010565	-18.02	Extracellular and lumenal localisation			Eukaryota; taxId:3674 (Momordica cochinchinensis)
PTM-0644	Cyclopeptide (Ser-Lys)	CROSSLNK	Serine-Lysine	Amino acid backbone-Amino acid backbone	N-terminal-C-terminal	H-2 O-1	H-2 O-1	-18.010565	-18.02	Extracellular and lumenal localisation			Eukaryota; taxId:71240 (eudicotyledons)
PTM-0658	Cyclopeptide (Ser-Pro)	CROSSLNK	Serine-Proline	Amino acid backbone-Amino acid backbone	N-terminal-C-terminal	H-2 O-1	H-2 O-1	-18.010565	-18.02	Extracellular and lumenal localisation			Eukaryota; taxId:67723 (Amanita phalloides)
PTM-0659	Cyclopeptide (Trp-Pro)	CROSSLNK	Tryptophan-Proline	Amino acid backbone-Amino acid backbone	N-terminal-C-terminal	H-2 O-1	H-2 O-1	-18.010565	-18.02	Extracellular and lumenal localisation			Bacteria; taxId:2 (Bacteria); Eukaryota; taxId:67723 (Amanita phalloides)
PTM-0657	Cyclopeptide (Tyr-Pro)	CROSSLNK	Tyrosine-Proline	Amino acid backbone-Amino acid backbone	N-terminal-C-terminal	H-2 O-1	H-2 O-1	-18.010565	-18.02	Extracellular and lumenal localisation			Eukaryota; taxId:87325 (Amanita bisporigera)
PTM-0660	Cyclopeptide (Val-Pro)	CROSSLNK	Valine-Proline	Amino acid backbone-Amino acid backbone	N-terminal-C-terminal	H-2 O-1	H-2 O-1	-18.010565	-18.02	Extracellular and lumenal localisation			Eukaryota; taxId:262245 (Amanita exitialis)
PTM-0433	CysO-cysteine adduct	MOD_RES	Glycine	Amino acid backbone	C-terminal	C3 H5 N1 O1 S1	C3 H5 N O S	103.009185	103.14	Intracellular localisation		RESID:AA0529; PSI-MOD:MOD:01778	Bacteria; taxId:2 (Bacteria)
PTM-0102	Cysteine amide	MOD_RES	Cysteine	Amino acid backbone	C-terminal	H1 N1 O-1	H N O-1	-0.984016	-0.98	Extracellular and lumenal localisation	Amidation	ChEBI:CHEBI:145900; RESID:AA0085; PSI-MOD:MOD:00094; Unimod:2	Eukaryota; taxId:6448 (Gastropoda), taxId:6656 (Arthropoda)
PTM-0103	Cysteine derivative	MOD_RES	Cysteine									PSI-MOD:MOD:00905	Archaea; taxId:2157 (Archaea); Bacteria; taxId:2 (Bacteria); Eukaryota; taxId:2759 (Eukaryota)
PTM-0104	Cysteine methyl disulfide	MOD_RES	Cysteine	Amino acid side chain	Anywhere	C1 H2 S1	C H2 S	45.987721	46.09	Intracellular localisation	Methylation	RESID:AA0101; PSI-MOD:MOD:00110; Unimod:39	Bacteria; taxId:2 (Bacteria)
PTM-0105	Cysteine methyl ester	MOD_RES	Cysteine	Amino acid backbone	C-terminal	C1 H2	C H2	14.01565	14.03	Intracellular localisation	Methylation	ChEBI:CHEBI:61989; RESID:AA0105; PSI-MOD:MOD:00114; Unimod:34	Bacteria; taxId:201174 (Actinobacteria); Eukaryota; taxId:4751 (Fungi), taxId:33208 (Metazoa)
PTM-0106	Cysteine persulfide	MOD_RES	Cysteine	Amino acid side chain	Anywhere	S1	S	31.972071	32.06	Intracellular localisation		ChEBI:CHEBI:61963; RESID:AA0269; PSI-MOD:MOD:00274; Unimod:421	Bacteria; taxId:1224 (Proteobacteria); Archaea; taxId:2157 (Archaea); Eukaryota; taxId:2759 (Eukaryota)
PTM-0107	Cysteine sulfenic acid (-SOH)	MOD_RES	Cysteine	Amino acid side chain	Anywhere	O1	O	15.994915	16.0	Intracellular localisation	Oxidation	ChEBI:CHEBI:61973; RESID:AA0205; PSI-MOD:MOD:00210; Unimod:35	Archaea; taxId:28890 (Euryarchaeota); Bacteria; taxId:2 (Bacteria); Eukaryota; taxId:40674 (Mammalia)
PTM-0108	Cysteine sulfinic acid (-SO2H)	MOD_RES	Cysteine	Amino acid side chain	Anywhere	O2	O2	31.989829	32.0	Intracellular localisation	Oxidation	ChEBI:CHEBI:61974; RESID:AA0262; PSI-MOD:MOD:00267; Unimod:425	Bacteria; taxId:2 (Bacteria); Eukaryota; taxId:40674 (Mammalia)
PTM-0634	Cysteine sulfonic acid (-SO3H)	MOD_RES	Cysteine	Amino acid side chain	Anywhere	O3	O3	47.984744	48.0	Intracellular localisation	Oxidation	ChEBI:CHEBI:141830; RESID:AA0556; PSI-MOD:MOD:00460; Unimod:345	Eukaryota; taxId:40674 (Mammalia)
PTM-0109	Cysteinyl-selenocysteine (Cys-Sec)	CROSSLNK	Cysteine-Selenocysteine	Amino acid side chain-Amino acid side chain	Anywhere-Anywhere	H-2	H-2	-2.01565	-2.02	Extracellular and lumenal localisation	Selenocysteine	RESID:AA0358; PSI-MOD:MOD:00363	Eukaryota; taxId:40674 (Mammalia)
PTM-0110	Cysteinyl-selenocysteine (Sec-Cys)	CROSSLNK	Selenocysteine-Cysteine	Amino acid side chain-Amino acid side chain	Anywhere-Anywhere	H-2	H-2	-2.01565	-2.02	Extracellular and lumenal localisation	Selenocysteine	RESID:AA0358; PSI-MOD:MOD:00363	Eukaryota; taxId:40674 (Mammalia)
PTM-0111	D-4-hydroxyvaline	MOD_RES	Valine	Amino acid backbone	Protein core	O1	O	15.994915	16.0	Extracellular and lumenal localisation	D-amino acid; Hydroxylation	ChEBI:CHEBI:141792; RESID:AA0388; PSI-MOD:MOD:00756	Eukaryota; taxId:6448 (Gastropoda)
PTM-0112	D-alanine (Ala)	MOD_RES	Alanine	Amino acid backbone	Protein core					Extracellular and lumenal localisation	D-amino acid	ChEBI:CHEBI:29949; RESID:AA0191; PSI-MOD:MOD:00198	Bacteria; taxId:2 (Bacteria); Eukaryota; taxId:8292 (Amphibia)
PTM-0113	D-alanine (Ser)	MOD_RES	Serine	Amino acid backbone	Protein core	O-1	O-1	-15.994915	-16.0	Extracellular and lumenal localisation	D-amino acid	ChEBI:CHEBI:29949; RESID:AA0191; PSI-MOD:MOD:00858; Unimod:447	Bacteria; taxId:1634 (Lactobacillus sakei L45)
PTM-0114	D-allo-isoleucine	MOD_RES	Isoleucine	Amino acid backbone	Protein core					Extracellular and lumenal localisation	D-amino acid	ChEBI:CHEBI:30007; RESID:AA0192; PSI-MOD:MOD:00199	Eukaryota; taxId:8292 (Amphibia)
PTM-0115	D-asparagine	MOD_RES	Asparagine	Amino acid backbone	Protein core					Extracellular and lumenal localisation	D-amino acid	ChEBI:CHEBI:50349; RESID:AA0196; PSI-MOD:MOD:00203	Bacteria; taxId:2 (Bacteria); Eukaryota; taxId:6530 (Achatina fulica)
PTM-0116	Deamidated asparagine	MOD_RES	Asparagine	Amino acid side chain	Anywhere	H-1 N-1 O1	H-1 N-1 O	0.984016	0.98	Intracellular localisation or Extracellular and lumenal localisation		ChEBI:CHEBI:29961; RESID:AA0004; PSI-MOD:MOD:00684; Unimod:7	Archaea; taxId:2157 (Archaea); Eukaryota; taxId:3702 (Arabidopsis thaliana), taxId:7742 (Vertebrata)
PTM-0117	Deamidated glutamine	MOD_RES	Glutamine	Amino acid side chain	Anywhere	H-1 N-1 O1	H-1 N-1 O	0.984016	0.98	Intracellular localisation or Extracellular and lumenal localisation		ChEBI:CHEBI:29973; RESID:AA0006; PSI-MOD:MOD:00685; Unimod:7	Archaea; taxId:2157 (Archaea); Bacteria; taxId:2 (Bacteria); Eukaryota; taxId:7742 (Vertebrata)
PTM-0354	Decarboxylated threonine	MOD_RES	Threonine	Amino acid backbone	C-terminal	C-1 O-2	C-1 O-2	-43.989829	-44.01	Extracellular and lumenal localisation		RESID:AA0465; PSI-MOD:MOD:01388	Bacteria; taxId:1386 (Bacillus)
PTM-0341	Dimethylated arginine	MOD_RES	Arginine	Amino acid side chain	Anywhere	C2 H4	C2 H4	28.0313	28.05	Intracellular localisation	Methylation	PSI-MOD:MOD:00783; Unimod:36	Eukaryota; taxId:2759 (Eukaryota)
PTM-0697	Diphosphoserine	MOD_RES	Serine	Amino acid side chain	Anywhere	H2 O6 P2	H2 O6 P2	159.93266	159.96	Intracellular localisation	Phosphoprotein	ChEBI:CHEBI:149682; Unimod:898	Eukaryota; taxId:2759 (Eukaryota)
PTM-0698	Diphosphothreonine	MOD_RES	Threonine	Amino acid side chain	Anywhere	H2 O6 P2	H2 O6 P2	159.93266	159.96	Intracellular localisation	Phosphoprotein	ChEBI:CHEBI:149684; Unimod:898	Eukaryota; taxId:2759 (Eukaryota)
PTM-0118	Diphthamide	MOD_RES	Histidine	Amino acid side chain	Anywhere	C7 H15 N2 O1	C7 H15 N2 O	143.11789	143.21	Intracellular localisation		ChEBI:CHEBI:16692; RESID:AA0040; PSI-MOD:MOD:00049; Unimod:375	Archaea; taxId:2157 (Archaea); Eukaryota; taxId:2759 (Eukaryota)
PTM-0119	D-leucine	MOD_RES	Leucine	Amino acid backbone	Protein core					Extracellular and lumenal localisation	D-amino acid	ChEBI:CHEBI:30005; RESID:AA0197; PSI-MOD:MOD:00204	Bacteria; taxId:2 (Bacteria); Eukaryota; taxId:6448 (Gastropoda)
PTM-0120	D-methionine	MOD_RES	Methionine	Amino acid backbone	Protein core					Extracellular and lumenal localisation	D-amino acid	ChEBI:CHEBI:29984; RESID:AA0193; PSI-MOD:MOD:00200	Eukaryota; taxId:8395 (Phyllomedusa sauvagei)
PTM-0121	D-phenylalanine	MOD_RES	Phenylalanine	Amino acid backbone	Protein core					Extracellular and lumenal localisation	D-amino acid	ChEBI:CHEBI:29996; RESID:AA0194; PSI-MOD:MOD:00201	Eukaryota; taxId:6447 (Mollusca), taxId:6656 (Arthropoda)
PTM-0309	D-serine (Cys)	MOD_RES	Cysteine	Amino acid backbone	Protein core	O1 S-1	O S-1	-15.977156	-16.06	Extracellular and lumenal localisation	D-amino acid	ChEBI:CHEBI:29998; RESID:AA0195; PSI-MOD:MOD:00892	Eukaryota; taxId:78357 (Amanita virosa)
PTM-0308	D-serine (Ser)	MOD_RES	Serine	Amino acid backbone	Protein core					Extracellular and lumenal localisation	D-amino acid	ChEBI:CHEBI:29998; RESID:AA0195; PSI-MOD:MOD:00202	Bacteria; taxId:2 (Bacteria); Eukaryota; taxId:6908 (Agelenopsis aperta), taxId:515824 (Callistoctopus minor)
PTM-0310	D-threonine	MOD_RES	Threonine	Amino acid backbone	Protein core					Extracellular and lumenal localisation	D-amino acid	ChEBI:CHEBI:30014; RESID:AA0199; PSI-MOD:MOD:00863	Bacteria; taxId:2 (Bacteria); Eukaryota; taxId:78357 (Amanita virosa)
PTM-0123	D-tryptophan	MOD_RES	Tryptophan	Amino acid backbone	Protein core					Extracellular and lumenal localisation	D-amino acid	ChEBI:CHEBI:29955; RESID:AA0198; PSI-MOD:MOD:00205	Bacteria; taxId:1931 (Streptomyces sp.); Eukaryota; taxId:6448 (Gastropoda)
PTM-0124	D-valine	MOD_RES	Valine	Amino acid backbone	Protein core					Extracellular and lumenal localisation	D-amino acid	ChEBI:CHEBI:50328; RESID:AA0200; PSI-MOD:MOD:00705	Eukaryota; taxId:6448 (Gastropoda)
PTM-0125	FMN phosphoryl serine	MOD_RES	Serine	Amino acid side chain	Anywhere	C17 H19 N4 O8 P1	C17 H19 N4 O8 P	438.09405	438.33	Intracellular localisation	FMN; Phosphoprotein	ChEBI:CHEBI:156050; RESID:AA0350; PSI-MOD:MOD:00355; Unimod:442	Bacteria; taxId:1224 (Proteobacteria)
PTM-0126	FMN phosphoryl threonine	MOD_RES	Threonine	Amino acid side chain	Anywhere	C17 H19 N4 O8 P1	C17 H19 N4 O8 P	438.09405	438.33	Intracellular localisation	FMN; Phosphoprotein	ChEBI:CHEBI:74257; RESID:AA0349; PSI-MOD:MOD:00354; Unimod:442	Archaea; taxId:2157 (Archaea); Bacteria; taxId:2 (Bacteria)
PTM-0127	Glutamate methyl ester (Gln)	MOD_RES	Glutamine	Amino acid side chain	Anywhere	C1 H1 N-1 O1	C H N-1 O	14.999666	15.01	Intracellular localisation	Methylation	ChEBI:CHEBI:82795; RESID:AA0072; PSI-MOD:MOD:00657; Unimod:528	Bacteria; taxId:2 (Bacteria)
PTM-0128	Glutamate methyl ester (Glu)	MOD_RES	Glutamate	Amino acid side chain	Anywhere	C1 H2	C H2	14.01565	14.03	Intracellular localisation	Methylation	ChEBI:CHEBI:82795; RESID:AA0072; PSI-MOD:MOD:00081; Unimod:34	Archaea; taxId:28890 (Euryarchaeota); Bacteria; taxId:2 (Bacteria)
PTM-0129	Glutamic acid 1-amide	MOD_RES	Glutamate	Amino acid backbone	C-terminal	H1 N1 O-1	H N O-1	-0.984016	-0.98	Extracellular and lumenal localisation	Amidation	ChEBI:CHEBI:145903; RESID:AA0087; PSI-MOD:MOD:00096; Unimod:2	Eukaryota; taxId:33208 (Metazoa)
PTM-0397	Isoglutamyl lysine isopeptide (Glu-Lys) (interchain with K-...)	CROSSLNK	Glutamate-Lysine	Amino acid side chain-Amino acid side chain	Anywhere-Anywhere					Intracellular localisation	Isopeptide bond	ChEBI:CHEBI:138370; RESID:AA0124; PSI-MOD:MOD:01630	Bacteria; taxId:201174 (Actinobacteria); Eukaryota; taxId:7742 (Vertebrata)
PTM-0398	Isoglutamyl lysine isopeptide (Lys-Glu) (interchain with E-...)	CROSSLNK	Lysine-Glutamate	Amino acid side chain-Amino acid side chain	Anywhere-Anywhere					Intracellular localisation	Isopeptide bond	ChEBI:CHEBI:138370; RESID:AA0124; PSI-MOD:MOD:01630	Bacteria; taxId:201174 (Actinobacteria); Eukaryota; taxId:7742 (Vertebrata)
PTM-0130	Glutamine amide	MOD_RES	Glutamine	Amino acid backbone	C-terminal	H1 N1 O-1	H N O-1	-0.984016	-0.98	Extracellular and lumenal localisation	Amidation	ChEBI:CHEBI:145904; RESID:AA0086; PSI-MOD:MOD:00095; Unimod:2	Eukaryota; taxId:33208 (Metazoa)
PTM-0131	Glutamine derivative	MOD_RES	Glutamine									PSI-MOD:MOD:00907	Archaea; taxId:2157 (Archaea); Bacteria; taxId:2 (Bacteria); Eukaryota; taxId:2759 (Eukaryota)
PTM-0132	Glycine amide	MOD_RES	Glycine	Amino acid backbone	C-terminal	H1 N1 O-1	H N O-1	-0.984016	-0.98	Extracellular and lumenal localisation	Amidation	ChEBI:CHEBI:145906; RESID:AA0088; PSI-MOD:MOD:00097; Unimod:2	Eukaryota; taxId:33208 (Metazoa)
PTM-0133	Glycine radical	MOD_RES	Glycine	Amino acid side chain	Anywhere					Intracellular localisation	Organic radical	ChEBI:CHEBI:32722; RESID:AA0008; PSI-MOD:MOD:00017	Bacteria; taxId:2 (Bacteria); Eukaryota; taxId:3055 (Chlamydomonas reinhardtii); Viruses; taxId:10239 (Viruses)
PTM-0409	Glycyl adenylate	MOD_RES	Glycine	Amino acid backbone	C-terminal	C10 H12 N5 O6 P1	C10 H12 N5 O6 P	329.05252	329.21	Intracellular localisation	Nucleotide-binding; Phosphoprotein	ChEBI:CHEBI:83151; RESID:AA0511; PSI-MOD:MOD:01614	Archaea; taxId:2157 (Archaea); Bacteria; taxId:1224 (Proteobacteria); Eukaryota; taxId:2759 (Eukaryota)
PTM-0413	Glycyl cysteine dithioester (Cys-Gly) (interchain with G-...)	CROSSLNK	Cysteine-Glycine	Amino acid side chain-Amino acid backbone	Anywhere-C-terminal	H-2 O-1 S1	H-2 O-1 S	13.961506	14.05	Intracellular localisation	Thioester bond	RESID:AA0512; PSI-MOD:MOD:01615	Bacteria; taxId:1224 (Proteobacteria)
PTM-0410	Glycyl cysteine dithioester (Gly-Cys) (interchain with C-...)	CROSSLNK	Glycine-Cysteine	Amino acid backbone-Amino acid side chain	C-terminal-Anywhere	H-2 O-1 S1	H-2 O-1 S	13.961506	14.05	Intracellular localisation	Thioester bond	RESID:AA0512; PSI-MOD:MOD:01615	Bacteria; taxId:1224 (Proteobacteria)
PTM-0429	Glycyl cysteine thioester (Cys-Gly) (interchain with G-...)	CROSSLNK	Cysteine-Glycine	Amino acid side chain-Amino acid backbone	Anywhere-C-terminal	H-2 O-1	H-2 O-1	-18.010565	-18.02	Intracellular localisation	Thioester bond	RESID:AA0206; PSI-MOD:MOD:00211	Bacteria; taxId:2 (Bacteria); Eukaryota; taxId:2759 (Eukaryota)
PTM-0648	Glycyl cysteine thioester (Gly-Cys) (interchain with C-...)	CROSSLNK	Glycine-Cysteine	Amino acid backbone-Amino acid side chain	C-terminal-Anywhere	H-2 O-1	H-2 O-1	-18.010565	-18.02	Intracellular localisation	Thioester bond		Bacteria; taxId:2 (Bacteria)
PTM-0134	Glycyl lysine isopeptide (Gly-Lys) (interchain with K-...)	CROSSLNK	Glycine-Lysine	Amino acid backbone-Amino acid side chain	C-terminal-Anywhere	H-2 O-1	H-2 O-1	-18.010565	-18.02	Intracellular localisation	Isopeptide bond	RESID:AA0125; PSI-MOD:MOD:00134	Archaea; taxId:2157 (Archaea); Bacteria; taxId:2 (Bacteria); Eukaryota; taxId:2759 (Eukaryota); Viruses; taxId:10239 (Viruses)
PTM-0135	Glycyl lysine isopeptide (Lys-Gly) (interchain with G-...)	CROSSLNK	Lysine-Glycine	Amino acid side chain-Amino acid backbone	Anywhere-C-terminal	H-2 O-1	H-2 O-1	-18.010565	-18.02	Intracellular localisation	Isopeptide bond	RESID:AA0125; PSI-MOD:MOD:00134	Archaea; taxId:2157 (Archaea); Bacteria; taxId:2 (Bacteria); Eukaryota; taxId:2759 (Eukaryota); Viruses; taxId:10239 (Viruses)
PTM-0422	Glycyl serine ester (Ser-Gly) (interchain with G-...)	CROSSLNK	Serine-Glycine	Amino acid side chain-Amino acid backbone	Anywhere-C-terminal	H-2 O-1	H-2 O-1	-18.010565	-18.02	Intracellular localisation		RESID:AA0495; PSI-MOD:MOD:01585	Eukaryota; taxId:2759 (Eukaryota)
PTM-0425	Glycyl serine ester (Gly-Ser) (interchain with S-...)	CROSSLNK	Glycine-Serine	Amino acid backbone-Amino acid side chain	C-terminal-Anywhere	H-2 O-1	H-2 O-1	-18.010565	-18.02	Intracellular localisation		RESID:AA0495; PSI-MOD:MOD:01585	Eukaryota; taxId:2759 (Eukaryota)
PTM-0423	Glycyl threonine ester (Thr-Gly) (interchain with G-...)	CROSSLNK	Threonine-Glycine	Amino acid side chain-Amino acid backbone	Anywhere-C-terminal	H-2 O-1	H-2 O-1	-18.010565	-18.02	Intracellular localisation		RESID:AA0496; PSI-MOD:MOD:01586	Eukaryota; taxId:2759 (Eukaryota)
PTM-0426	Glycyl threonine ester (Gly-Thr) (interchain with T-...)	CROSSLNK	Glycine-Threonine	Amino acid backbone-Amino acid side chain	C-terminal-Anywhere	H-2 O-1	H-2 O-1	-18.010565	-18.02	Intracellular localisation		RESID:AA0496; PSI-MOD:MOD:01586	Eukaryota; taxId:2759 (Eukaryota)
PTM-0136	GPI-anchor amidated alanine	LIPID	Alanine	Amino acid backbone	C-terminal					Extracellular and lumenal localisation	GPI-anchor	ChEBI:CHEBI:143785; RESID:AA0163; PSI-MOD:MOD:00172; Unimod:394	Eukaryota; taxId:2759 (Eukaryota)
PTM-0137	GPI-anchor amidated asparagine	LIPID	Asparagine	Amino acid backbone	C-terminal					Extracellular and lumenal localisation	GPI-anchor	ChEBI:CHEBI:143786; RESID:AA0158; PSI-MOD:MOD:00167; Unimod:394	Eukaryota; taxId:2759 (Eukaryota)
PTM-0138	GPI-anchor amidated aspartate	LIPID	Aspartate	Amino acid backbone	C-terminal					Extracellular and lumenal localisation	GPI-anchor	ChEBI:CHEBI:143787; RESID:AA0159; PSI-MOD:MOD:00168; Unimod:394	Eukaryota; taxId:2759 (Eukaryota)
PTM-0139	GPI-anchor amidated carboxyl end	LIPID	Undefined	Amino acid backbone	C-terminal					Extracellular and lumenal localisation	GPI-anchor	ChEBI:CHEBI:143797; PSI-MOD:MOD:00818; Unimod:394	Eukaryota; taxId:2759 (Eukaryota)
PTM-0140	GPI-anchor amidated cysteine	LIPID	Cysteine	Amino acid backbone	C-terminal					Extracellular and lumenal localisation	GPI-anchor	ChEBI:CHEBI:143798; RESID:AA0160; PSI-MOD:MOD:00169; Unimod:394	Eukaryota; taxId:2759 (Eukaryota)
PTM-0141	GPI-anchor amidated glycine	LIPID	Glycine	Amino acid backbone	C-terminal					Extracellular and lumenal localisation	GPI-anchor	ChEBI:CHEBI:143799; RESID:AA0161; PSI-MOD:MOD:00170; Unimod:394	Eukaryota; taxId:2759 (Eukaryota)
PTM-0734	GPI-anchor amidated isoleucine	LIPID	Isoleucine	Amino acid backbone	C-terminal					Extracellular and lumenal localisation	GPI-anchor	Unimod:394	Eukaryota; taxId:2759 (Eukaryota)
PTM-0142	GPI-anchor amidated serine	LIPID	Serine	Amino acid backbone	C-terminal					Extracellular and lumenal localisation	GPI-anchor	ChEBI:CHEBI:143800; RESID:AA0162; PSI-MOD:MOD:00171; Unimod:394	Eukaryota; taxId:2759 (Eukaryota)
PTM-0143	GPI-anchor amidated threonine	LIPID	Threonine	Amino acid backbone	C-terminal					Extracellular and lumenal localisation	GPI-anchor	ChEBI:CHEBI:143801; RESID:AA0164; PSI-MOD:MOD:00173; Unimod:394	Eukaryota; taxId:10090 (Mus musculus)
PTM-0144	GPI-like-anchor amidated alanine	LIPID	Alanine	Amino acid backbone	C-terminal					Extracellular and lumenal localisation	GPI-anchor	ChEBI:CHEBI:143804; RESID:AA0424; PSI-MOD:MOD:01172	Eukaryota; taxId:746128 (Neosartorya fumigata)
PTM-0145	GPI-like-anchor amidated asparagine	LIPID	Asparagine	Amino acid backbone	C-terminal					Extracellular and lumenal localisation	GPI-anchor	ChEBI:CHEBI:143802; RESID:AA0425; PSI-MOD:MOD:01173	Eukaryota; taxId:44689 (Dictyostelium discoideum), taxId:4751 (Fungi)
PTM-0322	GPI-like-anchor amidated aspartate	LIPID	Aspartate	Amino acid backbone	C-terminal					Extracellular and lumenal localisation	GPI-anchor	ChEBI:CHEBI:143803; RESID:AA0439; PSI-MOD:MOD:00865	Eukaryota; taxId:44689 (Dictyostelium discoideum)
PTM-0146	GPI-like-anchor amidated glycine	LIPID	Glycine	Amino acid backbone	C-terminal					Extracellular and lumenal localisation	GPI-anchor	ChEBI:CHEBI:143805; RESID:AA0165; PSI-MOD:MOD:00174; Unimod:394	Eukaryota; taxId:44689 (Dictyostelium discoideum), taxId:746128 (Neosartorya fumigata)
PTM-0147	GPI-like-anchor amidated serine	LIPID	Serine	Amino acid backbone	C-terminal					Extracellular and lumenal localisation	GPI-anchor	ChEBI:CHEBI:143806; RESID:AA0166; PSI-MOD:MOD:00175; Unimod:394	Eukaryota; taxId:33083 (Dictyostelids), taxId:746128 (Neosartorya fumigata)
PTM-0148	Histidine amide	MOD_RES	Histidine	Amino acid backbone	C-terminal	H1 N1 O-1	H N O-1	-0.984016	-0.98	Extracellular and lumenal localisation	Amidation	ChEBI:CHEBI:145909; RESID:AA0089; PSI-MOD:MOD:00098; Unimod:2	Eukaryota; taxId:33208 (Metazoa)
PTM-0498	Hydroxyarginine	MOD_RES	Arginine	Amino acid side chain	Anywhere						Hydroxylation	ChEBI:CHEBI:141997; PSI-MOD:MOD:00682	Bacteria; taxId:2 (Bacteria); Eukaryota; taxId:40674 (Mammalia)
PTM-0149	Hydroxyproline	MOD_RES	Proline	Amino acid side chain	Anywhere	O1	O	15.994915	16.0	Extracellular and lumenal localisation	Hydroxylation	ChEBI:CHEBI:141993; PSI-MOD:MOD:01024; Unimod:35	Eukaryota; taxId:2759 (Eukaryota)
PTM-0150	Hypusine	MOD_RES	Lysine	Amino acid side chain	Anywhere	C4 H9 N1 O1	C4 H9 N O	87.068414	87.12	Intracellular localisation	Hypusine	ChEBI:CHEBI:91175; RESID:AA0116; PSI-MOD:MOD:00125; Unimod:379	Archaea; taxId:2157 (Archaea); Eukaryota; taxId:2759 (Eukaryota)
PTM-0684	Deoxyhypusine	MOD_RES	Lysine	Amino acid side chain	Anywhere	C4 H9 N1	C4 H9 N	71.073499	71.12	Intracellular localisation		ChEBI:CHEBI:82657; RESID:AA0564; PSI-MOD:MOD:01880	Eukaryota; taxId:2759 (Eukaryota)
PTM-0411	Iodotyrosine	MOD_RES	Tyrosine	Amino acid side chain	Anywhere	H-1 I1	H-1 I	125.896648	125.9	Intracellular localisation	Iodination	ChEBI:CHEBI:90870; RESID:AA0509; PSI-MOD:MOD:01612	Eukaryota; taxId:40674 (Mammalia)
PTM-0408	Diiodotyrosine	MOD_RES	Tyrosine	Amino acid side chain	Anywhere	H-2 I2	H-2 I2	251.793295	251.79	Intracellular localisation	Iodination	ChEBI:CHEBI:90871; RESID:AA0510; PSI-MOD:MOD:01613	Eukaryota; taxId:40674 (Mammalia)
PTM-0295	Triiodothyronine	MOD_RES	Tyrosine	Amino acid side chain	Anywhere	C6 H1 I3 O1	C6 H I3 O	469.716158	469.79	Extracellular and lumenal localisation	Iodination	ChEBI:CHEBI:90874; RESID:AA0177; PSI-MOD:MOD:00186; Unimod:397	Eukaryota; taxId:40674 (Mammalia)
PTM-0294	Thyroxine	MOD_RES	Tyrosine	Amino acid side chain	Anywhere	C6 I4 O1	C6 I4 O	595.612805	595.68	Extracellular and lumenal localisation	Iodination	ChEBI:CHEBI:90872; RESID:AA0178; PSI-MOD:MOD:00187; Unimod:398	Eukaryota; taxId:40674 (Mammalia)
PTM-0151	Isoaspartyl cysteine isopeptide (Cys-Asn)	CROSSLNK	Cysteine-Asparagine	Amino acid backbone-Amino acid side chain	N-terminal-Anywhere	H-3 N-1	H-3 N-1	-17.026549	-17.03	Extracellular and lumenal localisation	Isopeptide bond	RESID:AA0216; PSI-MOD:MOD:00221	Bacteria; taxId:72594 (Streptomyces sp. (strain SP9440))
PTM-0152	Isoaspartyl glycine isopeptide (Gly-Asn)	CROSSLNK	Glycine-Asparagine	Amino acid backbone-Amino acid side chain	N-terminal-Anywhere	H-3 N-1	H-3 N-1	-17.026549	-17.03	Extracellular and lumenal localisation	Isopeptide bond	RESID:AA0126; PSI-MOD:MOD:00135	Bacteria; taxId:29304 (Streptomyces coerulescens)
PTM-0153	Isoaspartyl lysine isopeptide (Asn-Lys) (interchain with K-...)	CROSSLNK	Asparagine-Lysine	Amino acid side chain-Amino acid side chain	Anywhere-Anywhere					Extracellular and lumenal localisation	Isopeptide bond	RESID:AA0294; PSI-MOD:MOD:00299	Viruses; taxId:37554 (Enterobacteria phage HK97)
PTM-0330	Isoaspartyl lysine isopeptide (Lys-Asn)	CROSSLNK	Lysine-Asparagine	Amino acid side chain-Amino acid side chain	Anywhere-Anywhere	H-3 N-1	H-3 N-1	-17.026549	-17.03	Extracellular and lumenal localisation	Isopeptide bond	RESID:AA0294; PSI-MOD:MOD:00299	Bacteria; taxId:91061 (Bacilli)
PTM-0154	Isoaspartyl lysine isopeptide (Lys-Asn) (interchain with N-...)	CROSSLNK	Lysine-Asparagine	Amino acid side chain-Amino acid side chain	Anywhere-Anywhere					Extracellular and lumenal localisation	Isopeptide bond	RESID:AA0294; PSI-MOD:MOD:00299	Viruses; taxId:37554 (Enterobacteria phage HK97)
PTM-0486	Isoaspartyl lysine isopeptide (Lys-Asp)	CROSSLNK	Lysine-Aspartate	Amino acid side chain-Amino acid side chain	Anywhere-Anywhere	H-2 O-1	H-2 O-1	-18.010565	-18.02	Extracellular localisation	Isopeptide bond	RESID:AA0294; PSI-MOD:MOD:01917	Bacteria; taxId:1301 (Streptococcus)
PTM-0719	Dityrosine (Tyr-Tyr) (interchain with Y-...)	CROSSLNK	Tyrosine-Tyrosine	Amino acid side chain-Amino acid side chain	Anywhere-Anywhere	H-2	H-2	-2.01565	-2.02	Intracellular localisation		RESID:AA0367; PSI-MOD:MOD:00372	Eukaryota; taxId:7742 (Vertebrata)
PTM-0155	Isodityrosine (Tyr-Tyr)	CROSSLNK	Tyrosine-Tyrosine	Amino acid side chain-Amino acid side chain	Anywhere-Anywhere	H-2	H-2	-2.01565	-2.02	Extracellular and lumenal localisation		RESID:AA0368; PSI-MOD:MOD:00373	Bacteria; taxId:201174 (Actinobacteria)
PTM-0156	Isoglutamyl cysteine thioester (Cys-Gln)	CROSSLNK	Cysteine-Glutamine	Amino acid side chain-Amino acid side chain	Anywhere-Anywhere	H-3 N-1	H-3 N-1	-17.026549	-17.03	Extracellular and lumenal localisation	Thioester bond	RESID:AA0108; PSI-MOD:MOD:00117	Bacteria; taxId:2 (Bacteria); Eukaryota; taxId:33208 (Metazoa)
PTM-0157	Isoglutamyl glycine isopeptide (Gly-Glu)	CROSSLNK	Glycine-Glutamate	Amino acid backbone-Amino acid side chain	N-terminal-Anywhere	H-2 O-1	H-2 O-1	-18.010565	-18.02	Extracellular and lumenal localisation	Isopeptide bond	RESID:AA0360; PSI-MOD:MOD:00365	Bacteria; taxId:562 (Escherichia coli)
PTM-0158	Isoglutamyl lysine isopeptide (Gln-Lys) (interchain with K-...)	CROSSLNK	Glutamine-Lysine	Amino acid side chain-Amino acid side chain	Anywhere-Anywhere					Intracellular localisation or Extracellular and lumenal localisation	Isopeptide bond	ChEBI:CHEBI:138370; RESID:AA0124; PSI-MOD:MOD:00133	Bacteria; taxId:201174 (Actinobacteria); Eukaryota; taxId:2759 (Eukaryota)
PTM-0159	Isoglutamyl lysine isopeptide (Lys-Gln)	CROSSLNK	Lysine-Glutamine	Amino acid side chain-Amino acid side chain	Anywhere-Anywhere	H-3 N-1	H-3 N-1	-17.026549	-17.03	Extracellular and lumenal localisation	Isopeptide bond	ChEBI:CHEBI:138370; RESID:AA0124; PSI-MOD:MOD:00133	Eukaryota; taxId:2759 (Eukaryota)
PTM-0160	Isoglutamyl lysine isopeptide (Lys-Gln) (interchain with Q-...)	CROSSLNK	Lysine-Glutamine	Amino acid side chain-Amino acid side chain	Anywhere-Anywhere					Intracellular localisation or Extracellular and lumenal localisation	Isopeptide bond	ChEBI:CHEBI:138370; RESID:AA0124; PSI-MOD:MOD:00133	Bacteria; taxId:201174 (Actinobacteria); Eukaryota; taxId:40674 (Mammalia)
PTM-0161	Isoleucine amide	MOD_RES	Isoleucine	Amino acid backbone	C-terminal	H1 N1 O-1	H N O-1	-0.984016	-0.98	Extracellular and lumenal localisation	Amidation	ChEBI:CHEBI:145910; RESID:AA0090; PSI-MOD:MOD:00099; Unimod:2	Eukaryota; taxId:33208 (Metazoa)
PTM-0162	Isoleucine derivative	MOD_RES	Isoleucine									PSI-MOD:MOD:00910	Archaea; taxId:2157 (Archaea); Bacteria; taxId:2 (Bacteria); Eukaryota; taxId:2759 (Eukaryota)
PTM-0442	L-allo-isoleucine	MOD_RES	Isoleucine	Amino acid backbone	Protein core					Extracellular localisation		ChEBI:CHEBI:30008; RESID:AA0546; PSI-MOD:MOD:01840	Bacteria; taxId:932694 (Streptomyces sp. OH-4156)
PTM-0163	D-lactate	MOD_RES	Serine	Amino acid backbone	N-terminal	H-1 N-1	H-1 N-1	-15.010899	-15.02	Extracellular and lumenal localisation		ChEBI:CHEBI:149487; RESID:AA0186; PSI-MOD:MOD:00194; Unimod:403	Bacteria; taxId:1282 (Staphylococcus epidermidis)
PTM-0164	Lanthionine (Cys-Ser)	CROSSLNK	Cysteine-Serine	Amino acid side chain-Amino acid side chain	Anywhere-Anywhere	H-2 O-1	H-2 O-1	-18.010565	-18.02	Extracellular and lumenal localisation	Thioether bond	RESID:AA0110; PSI-MOD:MOD:00120	Bacteria; taxId:1360 (Lactococcus lactis subsp. lactis)
PTM-0165	Lanthionine (Ser-Cys)	CROSSLNK	Serine-Cysteine	Amino acid side chain-Amino acid side chain	Anywhere-Anywhere	H-2 O-1	H-2 O-1	-18.010565	-18.02	Extracellular and lumenal localisation	Thioether bond	RESID:AA0110; PSI-MOD:MOD:00120	Bacteria; taxId:2 (Bacteria)
PTM-0166	Leucine amide	MOD_RES	Leucine	Amino acid backbone	C-terminal	H1 N1 O-1	H N O-1	-0.984016	-0.98	Extracellular and lumenal localisation	Amidation	ChEBI:CHEBI:145812; RESID:AA0091; PSI-MOD:MOD:00100; Unimod:2	Eukaryota; taxId:33208 (Metazoa)
PTM-0167	Leucine methyl ester	MOD_RES	Leucine	Amino acid backbone	C-terminal	C1 H2	C H2	14.01565	14.03	Intracellular localisation	Methylation	RESID:AA0299; PSI-MOD:MOD:00304; Unimod:34	Eukaryota; taxId:2759 (Eukaryota)
PTM-0168	Lysine amide	MOD_RES	Lysine	Amino acid backbone	C-terminal	H1 N1 O-1	H N O-1	-0.984016	-0.98	Extracellular and lumenal localisation	Amidation	ChEBI:CHEBI:145912; RESID:AA0092; PSI-MOD:MOD:00101; Unimod:2	Eukaryota; taxId:33208 (Metazoa)
PTM-0169	Lysine derivative	MOD_RES	Lysine									PSI-MOD:MOD:00912	Archaea; taxId:2157 (Archaea); Bacteria; taxId:2 (Bacteria); Eukaryota; taxId:2759 (Eukaryota)
PTM-0170	Lysine methyl ester	MOD_RES	Lysine	Amino acid backbone	C-terminal	C1 H2	C H2	14.01565	14.03	Intracellular localisation	Methylation	RESID:AA0318; PSI-MOD:MOD:00323; Unimod:34	Eukaryota; taxId:4932 (Saccharomyces cerevisiae)
PTM-0171	Lysine tyrosylquinone (Lys-Tyr)	CROSSLNK	Lysine-Tyrosine	Amino acid side chain-Amino acid side chain	Anywhere-Anywhere	H-4 O1	H-4 O	11.963614	11.97	Extracellular and lumenal localisation	LTQ	RESID:AA0233; PSI-MOD:MOD:00238	Eukaryota; taxId:7742 (Vertebrata)
PTM-0323	Lysine tyrosylquinone (Tyr-Lys)	CROSSLNK	Tyrosine-Lysine	Amino acid side chain-Amino acid side chain	Anywhere-Anywhere	H-4 O1	H-4 O	11.963614	11.97	Extracellular and lumenal localisation	LTQ	RESID:AA0233; PSI-MOD:MOD:00238	Eukaryota; taxId:68444 (Polypedates leucomystax)
PTM-0439	Lysino-D-alanine (Lys)	MOD_RES	Lysine	Amino acid side chain	Anywhere	C3 H5 N1 O2	C3 H5 N O2	87.032028	87.08	Intracellular localisation		RESID:AA0123; PSI-MOD:MOD:01838	Eukaryota; taxId:4751 (Fungi)
PTM-0172	Lysinoalanine (Ser-Lys)	CROSSLNK	Serine-Lysine	Amino acid side chain-Amino acid side chain	Anywhere-Anywhere	H-2 O-1	H-2 O-1	-18.010565	-18.02	Extracellular and lumenal localisation		RESID:AA0123; PSI-MOD:MOD:00132	Bacteria; taxId:201174 (Actinobacteria)
PTM-0173	Methionine amide	MOD_RES	Methionine	Amino acid backbone	C-terminal	H1 N1 O-1	H N O-1	-0.984016	-0.98	Extracellular and lumenal localisation	Amidation	ChEBI:CHEBI:145913; RESID:AA0093; PSI-MOD:MOD:00102; Unimod:2	Eukaryota; taxId:33208 (Metazoa)
PTM-0174	Methionine derivative	MOD_RES	Methionine									PSI-MOD:MOD:00913	Archaea; taxId:2157 (Archaea); Bacteria; taxId:2 (Bacteria); Eukaryota; taxId:2759 (Eukaryota)
PTM-0175	Methionine sulfone	MOD_RES	Methionine	Amino acid side chain	Anywhere	O2	O2	31.989829	32.0	Intracellular localisation	Oxidation	ChEBI:CHEBI:156065; RESID:AA0251; PSI-MOD:MOD:00256; Unimod:425	Bacteria; taxId:584 (Proteus mirabilis)
PTM-0480	Methionine (R)-sulfoxide	MOD_RES	Methionine	Amino acid side chain	Anywhere	O1	O	15.994915	16.0	Intracellular localisation	Oxidation	ChEBI:CHEBI:45764; RESID:AA0581; PSI-MOD:MOD:00720; Unimod:35	Eukaryota; taxId:2759 (Eukaryota)
PTM-0481	Methionine (S)-sulfoxide	MOD_RES	Methionine	Amino acid side chain	Anywhere	O1	O	15.994915	16.0	Intracellular localisation	Oxidation	ChEBI:CHEBI:44120; PSI-MOD:MOD:00721; Unimod:35	Eukaryota; taxId:2759 (Eukaryota)
PTM-0469	Methionine sulfoxide	MOD_RES	Methionine	Amino acid side chain	Anywhere	O1	O	15.994915	16.0	Intracellular localisation	Oxidation	ChEBI:CHEBI:15989; PSI-MOD:MOD:00719; Unimod:35	Eukaryota; taxId:2759 (Eukaryota)
PTM-0492	(4R)-5-oxoleucine	MOD_RES	Leucine	Amino acid side chain	Anywhere	H-2 O1	H-2 O	13.979265	13.98	Extracellular and lumenal localisation	Oxidation	RESID:AA0444; PSI-MOD:MOD:01374	Eukaryota; taxId:33208 (Metazoa)
PTM-0738	Methylcyclopropylglycine	MOD_RES	Isoleucine	Amino acid side chain	Anywhere	H-2	H-2	-2.01565	-2.02			ChEBI:CHEBI:229546	Bacteria; taxId:2 (Bacteria)
PTM-0176	Methylhistidine	MOD_RES	Histidine	Amino acid side chain	Anywhere	C1 H2	C H2	14.01565	14.03	Intracellular localisation	Methylation	PSI-MOD:MOD:02038; Unimod:34	Archaea; taxId:28890 (Euryarchaeota); Eukaryota; taxId:5791 (Physarum polycephalum), taxId:7742 (Vertebrata)
PTM-0669	Murein peptidoglycan amidated serine	MOD_RES	Serine	Amino acid backbone	C-terminal					Extracellular	Peptidoglycan-anchor		Bacteria; taxId:2 (Bacteria)
PTM-0451	N,N-(cysteine-1,S-diyl)phenylalanine (Cys-Phe)	CROSSLNK	Cysteine-Phenylalanine	Amino acid side chain-Amino acid backbone	Anywhere-Protein core	H-2	H-2	-2.01565	-2.02	Intracellular localisation		RESID:AA0562; PSI-MOD:MOD:01859	Archaea; taxId:2157 (Archaea); Bacteria; taxId:2 (Bacteria); Eukaryota; taxId:2759 (Eukaryota)
PTM-0037	N,N-(cysteine-1,S-diyl)serine (Cys-Ser)	CROSSLNK	Cysteine-Serine	Amino acid side chain-Amino acid backbone	Anywhere-Protein core	H-2	H-2	-2.01565	-2.02	Intracellular localisation		RESID:AA0344; PSI-MOD:MOD:00349	Archaea; taxId:2157 (Archaea); Bacteria; taxId:2 (Bacteria); Eukaryota; taxId:2759 (Eukaryota)
PTM-0177	N,N,N-trimethylalanine	MOD_RES	Alanine	Amino acid backbone	N-terminal	C3 H7	C3 H7	43.054227	43.09	Intracellular localisation	Methylation	RESID:AA0062; PSI-MOD:MOD:00071; Unimod:37	Bacteria; taxId:1224 (Proteobacteria); Eukaryota; taxId:5908 (Tetrahymena pyriformis), taxId:9986 (Oryctolagus cuniculus)
PTM-0485	N,N,N-trimethylglycine	MOD_RES	Glycine	Amino acid backbone	N-terminal	C3 H7	C3 H7	43.054775	43.09		Methylation	RESID:AA0619; PSI-MOD:MOD:01982	Eukaryota; taxId:40674 (Mammalia)
PTM-0503	N,N,N-trimethylmethionine	MOD_RES	Methionine	Amino acid backbone	N-terminal	C3 H7	C3 H7	43.054227	43.09	Intracellular localisation	Methylation	RESID:AA0456; PSI-MOD:MOD:01382	Bacteria; taxId:1224 (Proteobacteria), taxId:1297 (Deinococcus-Thermus)
PTM-0430	N,N,N-trimethylserine	MOD_RES	Serine	Amino acid backbone	N-terminal	C3 H7	C3 H7	43.054227	43.09	Intracellular localisation	Methylation	RESID:AA0535; PSI-MOD:MOD:01784	Eukaryota; taxId:2759 (Eukaryota)
PTM-0178	N,N-dimethylalanine	MOD_RES	Alanine	Amino acid backbone	N-terminal	C2 H4	C2 H4	28.0313	28.05	Intracellular localisation	Methylation	RESID:AA0433; PSI-MOD:MOD:01179	Eukaryota; taxId:33090 (Viridiplantae); Bacteria; taxId:932694 (Streptomyces sp. OH-4156)
PTM-0484	N,N-dimethylglycine	MOD_RES	Glycine	Amino acid backbone	N-terminal	C2 H4	C2 H4	28.0313	28.05		Methylation	RESID:AA0620; PSI-MOD:MOD:01983	Eukaryota; taxId:40674 (Mammalia)
PTM-0435	N,N-dimethylleucine	MOD_RES	Leucine	Amino acid backbone	N-terminal	C2 H4	C2 H4	28.0313	28.05	Extracellular and lumenal localisation	Methylation	RESID:AA0538; PSI-MOD:MOD:01806	Eukaryota; taxId:68564 (Petrosia ficiformis)
PTM-0179	N,N-dimethylproline	MOD_RES	Proline	Amino acid backbone	N-terminal	C2 H5	C2 H5	29.038577	29.06	Intracellular localisation	Methylation	ChEBI:CHEBI:145671; RESID:AA0066; PSI-MOD:MOD:00075; Unimod:529	Eukaryota; taxId:6446 (Sipunculus nudus), taxId:7586 (Echinodermata), taxId:33682 (Euglenozoa)
PTM-0431	N,N-dimethylserine	MOD_RES	Serine	Amino acid backbone	N-terminal	C2 H4	C2 H4	28.0313	28.05	Intracellular localisation	Methylation	RESID:AA0534; PSI-MOD:MOD:01783	Eukaryota; taxId:2759 (Eukaryota)
PTM-0696	3,3-dimethylmethionine	MOD_RES	Methionine	Amino acid side chain	Anywhere	C2 H4	C2 H4	28.0313	28.05	Extracellular and lumenal localisation	Methylation	ChEBI:CHEBI:149518	Bacteria; taxId:2 (Bacteria)
PTM-0180	N2-acetylarginine	MOD_RES	Arginine	Amino acid backbone	N-terminal	C2 H2 O1	C2 H2 O	42.010565	42.04	Intracellular localisation	Acetylation	ChEBI:CHEBI:145666; RESID:AA0354; PSI-MOD:MOD:00359; Unimod:1	Eukaryota; taxId:33090 (Viridiplantae)
PTM-0181	N2-succinyltryptophan	MOD_RES	Tryptophan	Amino acid backbone	N-terminal	C4 H4 O3	C4 H4 O3	100.016044	100.07	Extracellular and lumenal localisation		RESID:AA0130; PSI-MOD:MOD:00139; Unimod:64	Bacteria; taxId:1423 (Bacillus subtilis)
PTM-0459	N2,N2-dimethylarginine	MOD_RES	Arginine	Amino acid backbone	N-terminal	C2 H4	C2 H4	28.0313	28.05	Extracellular and lumenal localisation	Methylation	RESID:AA0569; PSI-MOD:MOD:01898	Bacteria; taxId:326423 (Bacillus velezensis (strain DSM 23117 / BGSC 10A6 / FZB42)), taxId:1408 (Bacillus pumilus)
PTM-0182	N4,N4-dimethylasparagine	MOD_RES	Asparagine	Amino acid side chain	Anywhere	C2 H4	C2 H4	28.0313	28.05	Extracellular and lumenal localisation	Methylation	RESID:AA0311; PSI-MOD:MOD:00316; Unimod:36	Eukaryota; taxId:9606 (Homo sapiens)
PTM-0183	N4-methylasparagine	MOD_RES	Asparagine	Amino acid side chain	Anywhere	C1 H2	C H2	14.01565	14.03	Intracellular localisation	Methylation	ChEBI:CHEBI:61960; RESID:AA0070; PSI-MOD:MOD:00079; Unimod:34	Bacteria; taxId:1117 (Cyanobacteria); Eukaryota; taxId:2763 (Rhodophyta), taxId:3027 (Cryptophyta), taxId:38254 (Glaucocystophyceae)
PTM-0691	N4-methyl-D-asparagine	MOD_RES	Asparagine	Amino acid side chain	Anywhere	C1 H2	C H2	14.01565	14.03	Extracellular and lumenal localisation	D-amino acid; Methylation	ChEBI:CHEBI:149514	Bacteria; taxId:2 (Bacteria)
PTM-0695	(3R)-N4-methyl-3-hydroxy-D-asparagine	MOD_RES	Asparagine	Amino acid side chain	Anywhere	C1 H2 O1	C H2 O	30.01056	30.03	Extracellular and lumenal localisation	D-amino acid; Hydroxylation; Methylation	ChEBI:CHEBI:149517	Bacteria; taxId:2 (Bacteria)
PTM-0678	N5-[4-(S-L-cysteinyl)-5-methyl-1H-imidazol-2-yl]-L-ornithine (Arg-Cys) (interchain with C-...)	CROSSLNK	Arginine-Cysteine	Amino acid side chain-Amino acid side chain	Protein core-Protein core							ChEBI:CHEBI:144464	Eukaryota; taxId:2759 (Eukaryota)
PTM-0679	N5-[4-(S-L-cysteinyl)-5-methyl-1H-imidazol-2-yl]-L-ornithine (Cys-Arg) (interchain with R-...)	CROSSLNK	Cysteine-Arginine	Amino acid side chain-Amino acid side chain	Protein core-Protein core							ChEBI:CHEBI:144464	Eukaryota; taxId:2759 (Eukaryota)
PTM-0184	N5-methylarginine	MOD_RES	Arginine	Amino acid side chain	Anywhere	C1 H2	C H2	14.01565	14.03	Intracellular localisation	Methylation	RESID:AA0305; PSI-MOD:MOD:00310; Unimod:34	Eukaryota; taxId:4932 (Saccharomyces cerevisiae)
PTM-0185	N5-methylglutamine	MOD_RES	Glutamine	Amino acid side chain	Anywhere	C1 H2	C H2	14.01565	14.03	Intracellular localisation	Methylation	ChEBI:CHEBI:61891; RESID:AA0071; PSI-MOD:MOD:00080; Unimod:34	Archaea; taxId:2157 (Archaea); Bacteria; taxId:1224 (Proteobacteria); Eukaryota; taxId:4932 (Saccharomyces cerevisiae)
PTM-0474	N6-(3,6-diaminohexanoyl)-5-hydroxylysine	MOD_RES	Lysine	Amino acid side chain	Anywhere					Intracellular localisation	Hydroxylation	ChEBI:CHEBI:156054; PSI-MOD:MOD:01780	Bacteria; taxId:2 (Bacteria)
PTM-0355	N6-(ADP-ribosyl)lysine	MOD_RES	Lysine	Amino acid side chain	Anywhere	C15 H21 N5 O13 P2	C15 H21 N5 O13 P2	541.061109	541.3	Intracellular localisation	ADP-ribosylation	RESID:AA0476; PSI-MOD:MOD:01399	Eukaryota; taxId:10090 (Mus musculus)
PTM-0387	N6-(pyridoxal phosphate)lysine	MOD_RES	Lysine	Amino acid side chain	Anywhere	C8 H8 N1 O5 P1	C8 H8 N O5 P	229.014009	229.13	Intracellular localisation	Pyridoxal phosphate	ChEBI:CHEBI:143915; RESID:AA0119; PSI-MOD:MOD:00128; Unimod:46	Archaea; taxId:2157 (Archaea); Bacteria; taxId:2 (Bacteria); Eukaryota; taxId:2759 (Eukaryota)
PTM-0388	N6-(retinylidene)lysine	MOD_RES	Lysine	Amino acid side chain	Anywhere	C20 H26	C20 H26	266.203451	266.43	Intramembrane	Retinal protein	ChEBI:CHEBI:149695; RESID:AA0120; PSI-MOD:MOD:00129; Unimod:380	Archaea; taxId:28890 (Euryarchaeota), taxId:2236 (Halobacteriaceae); Bacteria; taxId:1236 (Gammaproteobacteria); Eukaryota; taxId:33154 (Opisthokonta)
PTM-0186	N6,N6,N6-trimethyl-5-hydroxylysine	MOD_RES	Lysine	Amino acid side chain	Anywhere	C3 H7 O1	C3 H7 O	59.049141	59.09	Extracellular and lumenal localisation	Hydroxylation; Methylation	RESID:AA0359; PSI-MOD:MOD:00364; Unimod:445	Eukaryota; taxId:2853 (Cylindrotheca fusiformis)
PTM-0187	N6,N6,N6-trimethyllysine	MOD_RES	Lysine	Amino acid side chain	Anywhere	C3 H7	C3 H7	43.054227	43.09	Intracellular localisation	Methylation	ChEBI:CHEBI:61961; RESID:AA0074; PSI-MOD:MOD:00083; Unimod:37	Archaea; taxId:2157 (Archaea); Bacteria; taxId:2 (Bacteria); Eukaryota; taxId:2759 (Eukaryota)
PTM-0188	N6,N6-dimethyllysine	MOD_RES	Lysine	Amino acid side chain	Anywhere	C2 H4	C2 H4	28.0313	28.05	Intracellular localisation	Methylation	ChEBI:CHEBI:61976; RESID:AA0075; PSI-MOD:MOD:00084; Unimod:36	Archaea; taxId:2157 (Archaea); Bacteria; taxId:2 (Bacteria); Eukaryota; taxId:2759 (Eukaryota)
PTM-0189	N6-1-carboxyethyl lysine	MOD_RES	Lysine	Amino acid side chain	Anywhere	C3 H4 O2	C3 H4 O2	72.021129	72.06	Intracellular localisation		ChEBI:CHEBI:156063; RESID:AA0115; PSI-MOD:MOD:00124; Unimod:378	Eukaryota; taxId:40674 (Mammalia)
PTM-0190	N6-acetyllysine	MOD_RES	Lysine	Amino acid side chain	Anywhere	C2 H2 O1	C2 H2 O	42.010565	42.04	Intracellular localisation	Acetylation	ChEBI:CHEBI:61930; RESID:AA0055; PSI-MOD:MOD:00064; Unimod:1	Archaea; taxId:2157 (Archaea); Bacteria; taxId:2 (Bacteria); Eukaryota; taxId:2759 (Eukaryota)
PTM-0733	N6-acetyl-N6-methyllysine	MOD_RES	Lysine	Amino acid side chain	Anywhere	C3 H4 O1	C3 H4 O	56.02621	56.06	Intracellular localisation	Acetylation; Methylation	ChEBI:CHEBI:197459	Eukaryota; taxId:2759 (Eukaryota)
PTM-0382	N6-biotinyllysine	MOD_RES	Lysine	Amino acid side chain	Anywhere	C10 H14 N2 O2 S1	C10 H14 N2 O2 S	226.077599	226.29	Intracellular localisation	Biotin	ChEBI:CHEBI:83144; RESID:AA0117; PSI-MOD:MOD:00126; Unimod:3	Archaea; taxId:2157 (Archaea); Bacteria; taxId:2 (Bacteria); Eukaryota; taxId:2759 (Eukaryota)
PTM-0675	N6-carbamoyllysine	MOD_RES	Lysine	Amino acid side chain	Anywhere	C1 H1 N1 O1	C H N O	43.005814	43.02	Intracellular localisation		ChEBI:CHEBI:144369	Archaea; taxId:28890 (Euryarchaeota); Bacteria; taxId:2 (Bacteria); Eukaryota; taxId:2759 (Eukaryota)
PTM-0191	N6-carboxylysine	MOD_RES	Lysine	Amino acid side chain	Anywhere	C1 O2	C O2	43.989829	44.01	Intracellular localisation		ChEBI:CHEBI:144366; RESID:AA0114; PSI-MOD:MOD:00123; Unimod:299	Archaea; taxId:28890 (Euryarchaeota); Bacteria; taxId:2 (Bacteria); Eukaryota; taxId:2759 (Eukaryota)
PTM-0475	N6-crotonyllysine	MOD_RES	Lysine	Amino acid side chain	Anywhere	C4 H4 O1	C4 H4 O	68.026215	68.07	Intracellular localisation		ChEBI:CHEBI:137954; RESID:AA0567; PSI-MOD:MOD:01892	Eukaryota; taxId:2759 (Eukaryota)
PTM-0722	N6-decanoyllysine	LIPID	Lysine	Amino acid side chain	Anywhere	C10 H18 O1	C10 H18 O	154.135765	154.25	Intracellular localisation	Lipoprotein	ChEBI:CHEBI:143222; PSI-MOD:MOD:01875; Unimod:449	Eukaryota; taxId:2759 (Eukaryota)
PTM-0192	N6-formyllysine	MOD_RES	Lysine	Amino acid side chain	Anywhere	C1 O1	C O	27.994915	28.01	Extracellular and lumenal localisation	Formylation	ChEBI:CHEBI:156064; RESID:AA0211; PSI-MOD:MOD:00216; Unimod:122	Eukaryota; taxId:7460 (Apis mellifera)
PTM-0682	N6-lactoyllysine	MOD_RES	Lysine	Amino acid side chain	Anywhere							ChEBI:CHEBI:145324	Eukaryota; taxId:2759 (Eukaryota)
PTM-0383	N6-lipoyllysine	MOD_RES	Lysine	Amino acid side chain	Anywhere	C8 H12 O1 S2	C8 H12 O S2	188.032957	188.3	Intracellular localisation	Lipoyl	ChEBI:CHEBI:83099; RESID:AA0118; PSI-MOD:MOD:00127; Unimod:42	Archaea; taxId:2157 (Archaea); Bacteria; taxId:2 (Bacteria); Eukaryota; taxId:2759 (Eukaryota)
PTM-0467	N6-malonyllysine	MOD_RES	Lysine	Amino acid side chain	Anywhere	C3 H2 O3	C3 H2 O3	86.000394	86.05	Intracellular localisation		ChEBI:CHEBI:87831; RESID:AA0568; PSI-MOD:MOD:01893	Archaea; taxId:2157 (Archaea); Bacteria; taxId:2 (Bacteria); Eukaryota; taxId:2759 (Eukaryota)
PTM-0193	N6-methylated lysine	MOD_RES	Lysine	Amino acid side chain	Anywhere					Intracellular localisation	Methylation	PSI-MOD:MOD:00663	Archaea; taxId:2157 (Archaea); Bacteria; taxId:2 (Bacteria); Eukaryota; taxId:2759 (Eukaryota)
PTM-0194	N6-methyllysine	MOD_RES	Lysine	Amino acid side chain	Anywhere	C1 H2	C H2	14.01565	14.03	Intracellular localisation	Methylation	ChEBI:CHEBI:61929; RESID:AA0076; PSI-MOD:MOD:00085; Unimod:34	Archaea; taxId:2157 (Archaea); Bacteria; taxId:2 (Bacteria); Eukaryota; taxId:2759 (Eukaryota)
PTM-0195	N6-murein peptidoglycan lysine	MOD_RES	Lysine	Amino acid side chain	Anywhere					Extracellular and lumenal localisation	Peptidoglycan-anchor	RESID:AA0218; PSI-MOD:MOD:00223	Bacteria; taxId:1224 (Proteobacteria)
PTM-0196	N6-myristoyl lysine	LIPID	Lysine	Amino acid side chain	Anywhere	C14 H26 O1	C14 H26 O	210.198365	210.36	Intracellular localisation	Myristate	ChEBI:CHEBI:141129; RESID:AA0078; PSI-MOD:MOD:00087; Unimod:45	Bacteria; taxId:1224 (Proteobacteria); Eukaryota; taxId:2759 (Eukaryota)
PTM-0197	N6-palmitoyl lysine	LIPID	Lysine	Amino acid side chain	Anywhere	C16 H30 O1	C16 H30 O	238.229666	238.41	Extracellular and lumenal localisation	Palmitate	ChEBI:CHEBI:138936; RESID:AA0077; PSI-MOD:MOD:00086; Unimod:47	Bacteria; taxId:1224 (Proteobacteria); Eukaryota; taxId:7742 (Vertebrata)
PTM-0198	N6-poly(methylaminopropyl)lysine	MOD_RES	Lysine	Amino acid side chain	Anywhere					Extracellular and lumenal localisation	Methylation	RESID:AA0278; PSI-MOD:MOD:00283	Eukaryota; taxId:2853 (Cylindrotheca fusiformis)
PTM-0438	N6-succinyllysine	MOD_RES	Lysine	Amino acid side chain	Anywhere	C4 H4 O3	C4 H4 O3	100.016044	100.07	Intracellular localisation		ChEBI:CHEBI:87830; RESID:AA0545; PSI-MOD:MOD:01819	Archaea; taxId:2157 (Archaea); Bacteria; taxId:2 (Bacteria); Eukaryota; taxId:2759 (Eukaryota)
PTM-0487	N6-glutaryllysine	MOD_RES	Lysine	Amino acid side chain	Anywhere	C5 H6 O3	C5 H6 O3	114.031694	114.1	Intracellular localisation		ChEBI:CHEBI:87828	Bacteria; taxId:2 (Bacteria); Eukaryota; taxId:2759 (Eukaryota)
PTM-0637	N6-butyryllysine	MOD_RES	Lysine	Amino acid side chain	Anywhere	C4 H6 O1	C4 H6 O	70.041865	70.09	Intracellular localisation		ChEBI:CHEBI:137955; RESID:AA0532; PSI-MOD:MOD:01781; Unimod:1289	Bacteria; taxId:2 (Bacteria); Eukaryota; taxId:2759 (Eukaryota)
PTM-0744	N6-isobutyryllysine	MOD_RES	Lysine	Amino acid side chain	Anywhere	C4 H6 O1	C4 H6 O	70.041865	70.09	Intracellular localisation		ChEBI:CHEBI:234239	Bacteria; taxId:2 (Bacteria); Eukaryota; taxId:2759 (Eukaryota)
PTM-0742	N6-isonicotinyllysine	MOD_RES	Lysine	Amino acid side chain	Anywhere	C6 H3 N1 O1	C6 H3 N O	105.02146	105.09	Intracellular localisation		ChEBI:CHEBI:233146; Unimod:697	Eukaryota; taxId:2759 (Eukaryota)
PTM-0741	N6-benzoyllysine	MOD_RES	Lysine	Amino acid side chain	Anywhere	C7 H4 O1	C7 H4 O	104.0261	104.11	Intracellular localisation		ChEBI:CHEBI:233144; Unimod:136	Eukaryota; taxId:2759 (Eukaryota)
PTM-0743	N6-methacryllysine	MOD_RES	Lysine	Amino acid side chain	Anywhere	C4 H4 O1	C4 H4 O	68.02621	68.07	Intracellular localisation		ChEBI:CHEBI:233147	Eukaryota; taxId:2759 (Eukaryota)
PTM-0638	N6-(2-hydroxyisobutyryl)lysine	MOD_RES	Lysine	Amino acid side chain	Anywhere	C4 H6 O2	C4 H6 O2	86.03678	86.09	Intracellular localisation	Hydroxylation	ChEBI:CHEBI:144968; Unimod:1849	Bacteria; taxId:2 (Bacteria); Eukaryota; taxId:2759 (Eukaryota)
PTM-0499	N6-(beta-hydroxybutyryl)lysine	MOD_RES	Lysine	Amino acid side chain	Anywhere	C4 H6 O2	C4 H6 O2	86.03678	86.09	Intracellular localisation	Hydroxylation	ChEBI:CHEBI:149490; Unimod:1849	Eukaryota; taxId:2759 (Eukaryota)
PTM-0639	N6-poly(beta-hydroxybutyryl)lysine	MOD_RES	Lysine	Amino acid side chain	Anywhere					Intracellular localisation	Hydroxylation		Eukaryota; taxId:2759 (Eukaryota)
PTM-0640	O3-poly(beta-hydroxybutyryl)serine	MOD_RES	Serine	Amino acid side chain	Anywhere					Intracellular localisation	Hydroxylation	RESID:AA0618; PSI-MOD:MOD:01976	Bacteria; taxId:2 (Bacteria)
PTM-0641	S-poly(beta-hydroxybutyryl)cysteine	MOD_RES	Cysteine	Amino acid side chain	Anywhere					Intracellular localisation	Hydroxylation	RESID:AA0617; PSI-MOD:MOD:01975	Bacteria; taxId:2 (Bacteria)
PTM-0642	N6-propionyllysine	MOD_RES	Lysine	Amino acid side chain	Anywhere	C3 H4 O1	C3 H4 O	56.026215	56.06	Intracellular localisation		ChEBI:CHEBI:138019; RESID:AA0475; PSI-MOD:MOD:01398; Unimod:58	Bacteria; taxId:2 (Bacteria); Eukaryota; taxId:40674 (Mammalia)
PTM-0419	N-[(12R)-12-hydroxymyristoyl]cysteine	LIPID	Cysteine	Amino acid backbone	N-terminal	C14 H26 O2	C14 H26 O2	226.19328	226.36		Myristate	ChEBI:CHEBI:143561; RESID:AA0516; PSI-MOD:MOD:01690	Eukaryota; taxId:715217 (Eudistoma sp. (strain FJ04-12-071))
PTM-0420	N-(12-oxomyristoyl)cysteine	LIPID	Cysteine	Amino acid backbone	N-terminal	C14 H24 O2	C14 H24 O2	224.17763	224.34		Myristate	ChEBI:CHEBI:143562; RESID:AA0517; PSI-MOD:MOD:01691	Eukaryota; taxId:715217 (Eudistoma sp. (strain FJ04-12-071))
PTM-0199	N-acetylalanine	MOD_RES	Alanine	Amino acid backbone	N-terminal	C2 H2 O1	C2 H2 O	42.010565	42.04	Intracellular localisation	Acetylation	ChEBI:CHEBI:83683; RESID:AA0041; PSI-MOD:MOD:00050; Unimod:1	Bacteria; taxId:1224 (Proteobacteria); Eukaryota; taxId:2759 (Eukaryota)
PTM-0200	N-acetylaspartate	MOD_RES	Aspartate	Amino acid backbone	N-terminal	C2 H2 O1	C2 H2 O	42.010565	42.04	Intracellular localisation	Acetylation	ChEBI:CHEBI:140856; RESID:AA0042; PSI-MOD:MOD:00051; Unimod:1	Eukaryota; taxId:2759 (Eukaryota)
PTM-0201	N-acetylcysteine	MOD_RES	Cysteine	Amino acid backbone	N-terminal	C2 H2 O1	C2 H2 O	42.010565	42.04	Intracellular localisation	Acetylation	ChEBI:CHEBI:133372; RESID:AA0043; PSI-MOD:MOD:00052; Unimod:1	Archaea; taxId:28890 (Euryarchaeota); Eukaryota; taxId:7742 (Vertebrata)
PTM-0202	N-acetylglutamate	MOD_RES	Glutamate	Amino acid backbone	N-terminal	C2 H2 O1	C2 H2 O	42.010565	42.04	Intracellular localisation	Acetylation	ChEBI:CHEBI:140857; RESID:AA0044; PSI-MOD:MOD:00053; Unimod:1	Eukaryota; taxId:2759 (Eukaryota)
PTM-0203	N-acetylglycine	MOD_RES	Glycine	Amino acid backbone	N-terminal	C2 H2 O1	C2 H2 O	42.010565	42.04	Intracellular localisation	Acetylation	ChEBI:CHEBI:133369; RESID:AA0046; PSI-MOD:MOD:00055; Unimod:1	Eukaryota; taxId:2759 (Eukaryota)
PTM-0204	N-acetylisoleucine	MOD_RES	Isoleucine	Amino acid backbone	N-terminal	C2 H2 O1	C2 H2 O	42.010565	42.04	Intracellular localisation	Acetylation	ChEBI:CHEBI:140858; RESID:AA0047; PSI-MOD:MOD:00056; Unimod:1	Eukaryota; taxId:10116 (Rattus norvegicus); Bacteria; taxId:2 (Bacteria)
PTM-0205	N-acetylmethionine	MOD_RES	Methionine	Amino acid backbone	N-terminal	C2 H2 O1	C2 H2 O	42.010565	42.04	Intracellular localisation	Acetylation	ChEBI:CHEBI:133414; RESID:AA0049; PSI-MOD:MOD:00058; Unimod:1	Archaea; taxId:2287 (Sulfolobus solfataricus); Bacteria; taxId:1270 (Micrococcus luteus); Eukaryota; taxId:2759 (Eukaryota)
PTM-0206	N-acetylproline	MOD_RES	Proline	Amino acid backbone	N-terminal	C2 H2 O1	C2 H2 O	42.010565	42.04	Intracellular localisation	Acetylation	ChEBI:CHEBI:140859; RESID:AA0050; PSI-MOD:MOD:00059; Unimod:1	Eukaryota; taxId:33090 (Viridiplantae), taxId:40674 (Mammalia); Bacteria; taxId:2 (Bacteria)
PTM-0207	N-acetylserine	MOD_RES	Serine	Amino acid backbone	N-terminal	C2 H2 O1	C2 H2 O	42.010565	42.04	Intracellular localisation	Acetylation	ChEBI:CHEBI:83690; RESID:AA0051; PSI-MOD:MOD:00060; Unimod:1	Archaea; taxId:2157 (Archaea); Bacteria; taxId:2 (Bacteria); Eukaryota; taxId:2759 (Eukaryota)
PTM-0208	N-acetylthreonine	MOD_RES	Threonine	Amino acid backbone	N-terminal	C2 H2 O1	C2 H2 O	42.010565	42.04	Intracellular localisation	Acetylation	ChEBI:CHEBI:133375; RESID:AA0052; PSI-MOD:MOD:00061; Unimod:1	Bacteria; taxId:90370 (Salmonella typhi); Eukaryota; taxId:2759 (Eukaryota)
PTM-0209	N-acetyltyrosine	MOD_RES	Tyrosine	Amino acid backbone	N-terminal	C2 H2 O1	C2 H2 O	42.010565	42.04	Intracellular localisation	Acetylation	ChEBI:CHEBI:140860; RESID:AA0053; PSI-MOD:MOD:00062; Unimod:1	Eukaryota; taxId:8018 (Oncorhynchus keta)
PTM-0210	N-acetylvaline	MOD_RES	Valine	Amino acid backbone	N-terminal	C2 H2 O1	C2 H2 O	42.010565	42.04	Intracellular localisation	Acetylation	ChEBI:CHEBI:133371; RESID:AA0054; PSI-MOD:MOD:00063; Unimod:1	Eukaryota; taxId:3055 (Chlamydomonas reinhardtii), taxId:33208 (Metazoa); Bacteria; taxId:2 (Bacteria)
PTM-0374	N-carbamoylalanine	MOD_RES	Alanine	Amino acid backbone	N-terminal	C1 H1 N1 O1	C H N O	43.005814	43.02	Intracellular localisation		RESID:AA0343; PSI-MOD:MOD:00348; Unimod:5	Bacteria; taxId:195064 (Ectothiorhodospira mobilis)
PTM-0674	S-(2-succinyl)cysteine	MOD_RES	Cysteine	Amino acid side chain	Anywhere	C4 H4 O4	C4 H4 O4	116.010959	116.07			ChEBI:CHEBI:143134; RESID:AA0561; PSI-MOD:MOD:01889; Unimod:957	Bacteria; taxId:2 (Bacteria); Eukaryota; taxId:2759 (Eukaryota)
PTM-0649	S-carbamoylcysteine	MOD_RES	Cysteine	Amino acid side chain	Anywhere	C1 H1 N1 O1	C H N O	43.005814	43.02	Intracellular localisation		RESID:AA0332; PSI-MOD:MOD:00337; Unimod:5	Bacteria; taxId:2 (Bacteria)
PTM-0650	S-cyanocysteine	MOD_RES	Cysteine	Amino acid side chain	Anywhere	C1 H-1 N1	C H-1 N	24.995249	25.01	Intracellular localisation		ChEBI:CHEBI:233759; RESID:AA0333; PSI-MOD:MOD:00338; Unimod:438	Bacteria; taxId:2 (Bacteria); Eukaryota; taxId:40674 (Mammalia)
PTM-0676	S-(2,3-dicarboxypropyl)cysteine	MOD_RES	Cysteine	Amino acid side chain	Anywhere	C5 H5 O4	C5 H5 O4					ChEBI:CHEBI:144095	Eukaryota; taxId:2759 (Eukaryota)
PTM-0331	N-D-glucuronoyl glycine	MOD_RES	Glycine	Amino acid backbone	N-terminal	C6 H8 O6	C6 H8 O6	176.032088	176.12	Extracellular and lumenal localisation	Glycoprotein	RESID:AA0058; PSI-MOD:MOD:00067; Unimod:54	Eukaryota; taxId:147550 (Sordariomycetes)
PTM-0211	N-formylglycine	MOD_RES	Glycine	Amino acid backbone	N-terminal	C1 O1	C O	27.994915	28.01	Extracellular and lumenal localisation	Formylation	RESID:AA0057; PSI-MOD:MOD:00066; Unimod:122	Eukaryota; taxId:7460 (Apis mellifera)
PTM-0212	N-formylmethionine	MOD_RES	Methionine	Amino acid backbone	N-terminal	C1 O1	C O	27.994915	28.01	Intracellular localisation	Formylation	ChEBI:CHEBI:49298; RESID:AA0021; PSI-MOD:MOD:00482; Unimod:122	Bacteria; taxId:2 (Bacteria); Eukaryota; taxId:2759 (Eukaryota)
PTM-0213	Nitrated tyrosine	MOD_RES	Tyrosine	Amino acid side chain	Anywhere	H-1 N1 O2	H-1 N O2	44.985078	45.0	Intracellular localisation	Nitration	PSI-MOD:MOD:01352; Unimod:354	Eukaryota; taxId:40674 (Mammalia)
PTM-0214	N-methylalanine	MOD_RES	Alanine	Amino acid backbone	Anywhere	C1 H2	C H2	14.01565	14.03	Intracellular localisation	Methylation	RESID:AA0061; PSI-MOD:MOD:00070; Unimod:34	Bacteria; taxId:1224 (Proteobacteria); Eukaryota; taxId:2759 (Eukaryota)
PTM-0728	N-methylaspartate	MOD_RES	Aspartate	Amino acid backbone	Anywhere	C1 H2	C H2	14.01565	14.03	Extracellular and lumenal localisation	Methylation	ChEBI:CHEBI:195202	Eukaryota; taxId:4751 (Fungi)
PTM-0483	N-methylglycine	MOD_RES	Glycine	Amino acid backbone	Anywhere	C1 H2	C H2	14.01565	14.03		Methylation	RESID:AA0063; PSI-MOD:MOD:00072; Unimod:34	Eukaryota; taxId:40674 (Mammalia), taxId:4751 (Fungi)
PTM-0729	N-methylhistidine	MOD_RES	Histidine	Amino acid backbone	Anywhere	C1 H2	C H2	14.01565	14.03	Extracellular and lumenal localisation	Methylation	ChEBI:CHEBI:195204	Eukaryota; taxId:4751 (Fungi)
PTM-0215	N-methylisoleucine	MOD_RES	Isoleucine	Amino acid backbone	Anywhere	C1 H2	C H2	14.01565	14.03	Extracellular and lumenal localisation	Methylation	RESID:AA0336; PSI-MOD:MOD:00341; Unimod:34	Bacteria; taxId:303 (Pseudomonas putida); Eukaryota; taxId:4751 (Fungi)
PTM-0216	N-methylleucine	MOD_RES	Leucine	Amino acid backbone	Anywhere	C1 H2	C H2	14.01565	14.03	Extracellular and lumenal localisation	Methylation	RESID:AA0337; PSI-MOD:MOD:00342; Unimod:34	Bacteria; taxId:1224 (Proteobacteria); Eukaryota; taxId:68564 (Petrosia ficiformis), taxId:4751 (Fungi)
PTM-0217	N-methylmethionine	MOD_RES	Methionine	Amino acid backbone	N-terminal	C1 H2	C H2	14.01565	14.03	Intracellular localisation or Extracellular and lumenal localisation	Methylation	RESID:AA0064; PSI-MOD:MOD:00073; Unimod:34	Bacteria; taxId:1224 (Proteobacteria); Eukaryota; taxId:3055 (Chlamydomonas reinhardtii)
PTM-0218	N-methylphenylalanine	MOD_RES	Phenylalanine	Amino acid backbone	Anywhere	C1 H2	C H2	14.01565	14.03	Extracellular and lumenal localisation	Methylation	RESID:AA0065; PSI-MOD:MOD:00074; Unimod:34	Bacteria; taxId:2 (Bacteria); Eukaryota; taxId:4751 (Fungi)
PTM-0219	N-methylproline	MOD_RES	Proline	Amino acid backbone	N-terminal	C1 H2	C H2	14.01565	14.03	Intracellular localisation	Methylation	RESID:AA0419; PSI-MOD:MOD:00830	Eukaryota; taxId:7227 (Drosophila melanogaster)
PTM-0432	N-methylserine	MOD_RES	Serine	Amino acid backbone	Anywhere	C1 H2	C H2	14.01565	14.03	Intracellular localisation	Methylation	RESID:AA0533; PSI-MOD:MOD:01782	Eukaryota; taxId:2759 (Eukaryota)
PTM-0727	N-methylthreonine	MOD_RES	Threonine	Amino acid backbone	Anywhere	C1 H2	C H2	14.01565	14.03	Extracellular and lumenal localisation	Methylation	ChEBI:CHEBI:194547	Eukaryota; taxId:4751 (Fungi)
PTM-0220	N-methyltyrosine	MOD_RES	Tyrosine	Amino acid backbone	Anywhere	C1 H2	C H2	14.01565	14.03	Extracellular and lumenal localisation	Methylation	RESID:AA0338; PSI-MOD:MOD:00343; Unimod:34	Bacteria; taxId:1224 (Proteobacteria); Eukaryota; taxId:4751 (Fungi)
PTM-0726	N-methylvaline	MOD_RES	Valine	Amino acid backbone	Anywhere	C1 H2	C H2	14.01565	14.03	Extracellular and lumenal localisation	Methylation	ChEBI:CHEBI:194546	Eukaryota; taxId:4751 (Fungi)
PTM-0221	N-myristoyl glycine	LIPID	Glycine	Amino acid backbone	N-terminal	C14 H26 O1	C14 H26 O	210.198365	210.36	Intracellular localisation	Myristate	ChEBI:CHEBI:133050; RESID:AA0059; PSI-MOD:MOD:00068; Unimod:45	Bacteria; taxId:319 (Pseudomonas savastanoi pv. phaseolicola); Eukaryota; taxId:2759 (Eukaryota)
PTM-0222	N-palmitoyl cysteine	LIPID	Cysteine	Amino acid backbone	N-terminal	C16 H30 O1	C16 H30 O	238.229666	238.41	Extracellular and lumenal localisation	Palmitate	ChEBI:CHEBI:143147; RESID:AA0060; PSI-MOD:MOD:00069; Unimod:47	Bacteria; taxId:2 (Bacteria); Eukaryota; taxId:33208 (Metazoa)
PTM-0223	N-palmitoyl glycine	LIPID	Glycine	Amino acid backbone	N-terminal	C16 H30 O1	C16 H30 O	238.229666	238.41	Intracellular localisation	Palmitate	ChEBI:CHEBI:143223; RESID:AA0339; PSI-MOD:MOD:00344; Unimod:47	Eukaryota; taxId:9913 (Bos taurus)
PTM-0224	N-pyruvate 2-iminyl-cysteine	MOD_RES	Cysteine	Amino acid backbone	N-terminal	C3 H2 O2	C3 H2 O2	70.005479	70.05	Intracellular localisation	Pyruvate	RESID:AA0274; PSI-MOD:MOD:00279; Unimod:422	Bacteria; taxId:543 (Enterobacteriaceae)
PTM-0225	N-pyruvate 2-iminyl-valine	MOD_RES	Valine	Amino acid backbone	N-terminal	C3 H2 O2	C3 H2 O2	70.005479	70.05	Intracellular localisation	Pyruvate	RESID:AA0275; PSI-MOD:MOD:00280; Unimod:422	Eukaryota; taxId:9606 (Homo sapiens)
PTM-0399	O-(2-aminoethylphosphoryl)serine	MOD_RES	Serine	Amino acid side chain	Anywhere	C2 H6 N1 O3 P1	C2 H6 N O3 P	123.00853	123.05	Extracellular and lumenal localisation	Phosphoprotein	RESID:AA0497; PSI-MOD:MOD:01587	Bacteria; taxId:206351 (Neisseriales)
PTM-0400	O-(2-cholinephosphoryl)serine	MOD_RES	Serine	Amino acid side chain	Anywhere	C5 H13 N1 O3 P1	C5 H13 N O3 P	166.062756	166.14	Extracellular and lumenal localisation	Phosphoprotein	RESID:AA0498; PSI-MOD:MOD:01588	Bacteria; taxId:206351 (Neisseriales); Eukaryota; taxId:2759 (Eukaryota)
PTM-0226	O-(5'-phospho-DNA)-serine	MOD_RES	Serine	Amino acid side chain	Anywhere					Intracellular localisation	Covalent protein-DNA linkage; Phosphoprotein	RESID:AA0246; PSI-MOD:MOD:00251	Viruses; taxId:10239 (Viruses)
PTM-0228	O-(5'-phospho-DNA)-tyrosine	MOD_RES	Tyrosine	Amino acid side chain	Anywhere					Intracellular localisation	Covalent protein-DNA linkage; Phosphoprotein	RESID:AA0254; PSI-MOD:MOD:00259	Viruses; taxId:10239 (Viruses)
PTM-0227	O-(5'-phospho-RNA)-serine	MOD_RES	Serine	Amino acid side chain	Anywhere					Intracellular localisation	Covalent protein-RNA linkage; Phosphoprotein	RESID:AA0213; PSI-MOD:MOD:00218	Eukaryota; taxId:7711 (Chordata); Viruses; taxId:10239 (Viruses)
PTM-0229	O-(5'-phospho-RNA)-tyrosine	MOD_RES	Tyrosine	Amino acid side chain	Anywhere					Intracellular localisation	Covalent protein-RNA linkage; Phosphoprotein	RESID:AA0249; PSI-MOD:MOD:00254	Viruses; taxId:10239 (Viruses)
PTM-0391	O-(pantetheine 4'-phosphoryl)serine	MOD_RES	Serine	Amino acid side chain	Anywhere	C11 H21 N2 O6 P1 S1	C11 H21 N2 O6 P S	340.085794	340.33	Intracellular localisation	Phosphopantetheine; Phosphoprotein	ChEBI:CHEBI:64479; RESID:AA0150; PSI-MOD:MOD:00159; Unimod:49	Bacteria; taxId:638 (Arsenophonus nasoniae), taxId:112 (Planctomycetales); Eukaryota; taxId:2759 (Eukaryota)
PTM-0389	O-(phosphoribosyl dephospho-coenzyme A)serine	MOD_RES	Serine	Amino acid side chain	Anywhere	C26 H42 N7 O19 P3 S1	C26 H42 N7 O19 P3 S	881.146903	881.63	Intracellular localisation	Phosphoprotein	RESID:AA0167; PSI-MOD:MOD:00176; Unimod:395	Bacteria; taxId:158 (Treponema denticola), taxId:1224 (Proteobacteria), taxId:1239 (Firmicutes), taxId:76856 (Fusobacterium nucleatum subsp. nucleatum)
PTM-0230	O-(sn-1-glycerophosphoryl)serine	MOD_RES	Serine	Amino acid side chain	Anywhere	C3 H7 O5 P1	C3 H7 O5 P	154.00311	154.06	Extracellular and lumenal localisation	Phosphoprotein	RESID:AA0264; PSI-MOD:MOD:00269; Unimod:419	Bacteria; taxId:1224 (Proteobacteria)
PTM-0231	O-8alpha-FAD tyrosine	MOD_RES	Tyrosine	Amino acid side chain	Anywhere	C27 H31 N9 O15 P2	C27 H31 N9 O15 P2	783.141485	783.54	Intracellular localisation	FAD	RESID:AA0145; PSI-MOD:MOD:00154; Unimod:50	Bacteria; taxId:303 (Pseudomonas putida)
PTM-0232	O-acetylserine	MOD_RES	Serine	Amino acid side chain	Anywhere	C2 H2 O1	C2 H2 O	42.010565	42.04	Intracellular localisation	Acetylation	ChEBI:CHEBI:141128; RESID:AA0364; PSI-MOD:MOD:00369; Unimod:1	Eukaryota; taxId:2759 (Eukaryota)
PTM-0233	O-acetylthreonine	MOD_RES	Threonine	Amino acid side chain	Anywhere	C2 H2 O1	C2 H2 O	42.010565	42.04	Intracellular localisation	Acetylation	ChEBI:CHEBI:141025; RESID:AA0423; PSI-MOD:MOD:01171; Unimod:1	Eukaryota; taxId:2759 (Eukaryota)
PTM-0651	O-AMP-serine	MOD_RES	Serine	Amino acid side chain	Anywhere	C10 H12 N5 O6 P1	C10 H12 N5 O6 P	329.05252	329.21	Intracellular localisation	Nucleotide-binding; Phosphoprotein	ChEBI:CHEBI:142516	Eukaryota; taxId:7742 (Vertebrata)
PTM-0393	O-AMP-threonine	MOD_RES	Threonine	Amino acid side chain	Anywhere	C10 H12 N5 O6 P1	C10 H12 N5 O6 P	329.05252	329.21	Intracellular localisation	Nucleotide-binding; Phosphoprotein	ChEBI:CHEBI:138113; RESID:AA0267; PSI-MOD:MOD:00272; Unimod:405	Bacteria; taxId:2 (Bacteria); Eukaryota; taxId:2759 (Eukaryota)
PTM-0332	O-AMP-tyrosine	MOD_RES	Tyrosine	Amino acid side chain	Anywhere	C10 H12 N5 O6 P1	C10 H12 N5 O6 P	329.05252	329.21	Intracellular localisation	Nucleotide-binding; Phosphoprotein	ChEBI:CHEBI:83624; RESID:AA0203; PSI-MOD:MOD:00208; Unimod:405	Archaea; taxId:2157 (Archaea); Bacteria; taxId:2 (Bacteria); Eukaryota; taxId:2759 (Eukaryota)
PTM-0702	O-di-AMP-tyrosine	MOD_RES	Tyrosine	Amino acid side chain	Anywhere	C20 H24 N10 O12 P2	C20 H24 N10 O12 P2	658.10504	658.42	Intracellular localisation	Nucleotide-binding; Phosphoprotein	ChEBI:CHEBI:167160	Archaea; taxId:2157 (Archaea); Bacteria; taxId:2 (Bacteria)
PTM-0703	O-tri-AMP-tyrosine	MOD_RES	Tyrosine	Amino acid side chain	Anywhere	C30 H36 N15 O18 P3	C30 H36 N15 O18 P3	987.15756	987.63	Intracellular localisation	Nucleotide-binding; Phosphoprotein	ChEBI:CHEBI:167161	Archaea; taxId:2157 (Archaea); Bacteria; taxId:2 (Bacteria)
PTM-0235	O-decanoyl threonine	LIPID	Threonine	Amino acid side chain	Anywhere	C10 H18 O1	C10 H18 O	154.135765	154.25	Extracellular and lumenal localisation	Lipoprotein	ChEBI:CHEBI:143546; RESID:AA0387; PSI-MOD:MOD:00392; Unimod:449	Eukaryota; taxId:8400 (Lithobates catesbeiana)
PTM-0234	O-decanoyl serine	LIPID	Serine	Amino acid side chain	Anywhere	C10 H18 O1	C10 H18 O	154.135765	154.25	Extracellular and lumenal localisation	Lipoprotein	ChEBI:CHEBI:143549; RESID:AA0385; PSI-MOD:MOD:00390; Unimod:449	Eukaryota; taxId:147599 (Gyrodactylus lomi)
PTM-0236	Omega-hydroxyceramide glutamate ester	LIPID	Glutamine	Amino acid side chain	Anywhere	C50 H96 O4	C50 H96 O4	760.730862	761.31	Intracellular localisation	Lipoprotein	RESID:AA0347; PSI-MOD:MOD:00352	Eukaryota; taxId:9606 (Homo sapiens)
PTM-0237	Omega-N-methylarginine	MOD_RES	Arginine	Amino acid side chain	Anywhere	C1 H2	C H2	14.01565	14.03	Intracellular localisation	Methylation	ChEBI:CHEBI:65280; RESID:AA0069; PSI-MOD:MOD:00078; Unimod:34	Eukaryota; taxId:5661 (Leishmania donovani), taxId:40674 (Mammalia)
PTM-0238	Omega-N-methylated arginine	MOD_RES	Arginine	Amino acid side chain	Anywhere					Intracellular localisation	Methylation	PSI-MOD:MOD:00658	Eukaryota; taxId:2759 (Eukaryota)
PTM-0356	O-methylthreonine	MOD_RES	Threonine	Amino acid side chain	Anywhere	C1 H2	C H2	14.01565	14.03	Extracellular and lumenal localisation	Methylation	ChEBI:CHEBI:167628; RESID:AA0464; PSI-MOD:MOD:01387	Bacteria; taxId:1386 (Bacillus)
PTM-0712	O-hexanoyl serine	LIPID	Serine	Amino acid side chain	Anywhere	C6 H10 O1	C6 H10 O	98.07316	98.14		Lipoprotein	ChEBI:CHEBI:177289	Eukaryota; taxId:7742 (Vertebrata)
PTM-0239	O-octanoyl serine	LIPID	Serine	Amino acid side chain	Anywhere	C8 H14 O1	C8 H14 O	126.104465	126.2	Extracellular and lumenal localisation	Lipoprotein	ChEBI:CHEBI:143548; RESID:AA0290; PSI-MOD:MOD:00295; Unimod:426	Eukaryota; taxId:7742 (Vertebrata)
PTM-0240	O-octanoyl threonine	LIPID	Threonine	Amino acid side chain	Anywhere	C8 H14 O1	C8 H14 O	126.104465	126.2	Extracellular and lumenal localisation	Lipoprotein	ChEBI:CHEBI:143547; RESID:AA0386; PSI-MOD:MOD:00391; Unimod:426	Eukaryota; taxId:8400 (Lithobates catesbeiana)
PTM-0241	O-palmitoyl serine	LIPID	Serine	Amino acid side chain	Anywhere	C16 H30 O1	C16 H30 O	238.229666	238.41	Extracellular and lumenal localisation	Palmitate	ChEBI:CHEBI:140185; RESID:AA0080; PSI-MOD:MOD:00089; Unimod:47	Eukaryota; taxId:7711 (Chordata)
PTM-0242	O-palmitoyl threonine	LIPID	Threonine	Amino acid side chain	Anywhere	C16 H30 O1	C16 H30 O	238.229666	238.41	Extracellular and lumenal localisation	Palmitate	ChEBI:CHEBI:143621; RESID:AA0079; PSI-MOD:MOD:00088; Unimod:47	Eukaryota; taxId:7711 (Chordata)
PTM-0500	N(tele)-UMP-histidine	MOD_RES	Histidine	Amino acid side chain	Anywhere	C9 H11 N2 O8 P1	C9 H11 N2 O8 P	306.025302	306.17	Intracellular localisation	Nucleotide-binding; Phosphoprotein	ChEBI:CHEBI:233474; RESID:AA0372; PSI-MOD:MOD:00377; Unimod:417	Bacteria; taxId:2 (Bacteria)
PTM-0501	O-UMP-serine	MOD_RES	Serine	Amino acid side chain	Anywhere	C9 H11 N2 O8 P1	C9 H11 N2 O8 P	306.025302	306.17	Intracellular localisation	Nucleotide-binding; Phosphoprotein	ChEBI:CHEBI:156051	Bacteria; taxId:2 (Bacteria); Eukaryota; taxId:33090 (Viridiplantae)
PTM-0502	O-UMP-threonine	MOD_RES	Threonine	Amino acid side chain	Anywhere	C9 H11 N2 O8 P1	C9 H11 N2 O8 P	306.025302	306.17	Intracellular localisation	Nucleotide-binding; Phosphoprotein	ChEBI:CHEBI:156052	Bacteria; taxId:2 (Bacteria); Eukaryota; taxId:33090 (Viridiplantae)
PTM-0333	O-UMP-tyrosine	MOD_RES	Tyrosine	Amino acid side chain	Anywhere	C9 H11 N2 O8 P1	C9 H11 N2 O8 P	306.025302	306.17	Intracellular localisation	Nucleotide-binding; Phosphoprotein	ChEBI:CHEBI:90602; RESID:AA0256; PSI-MOD:MOD:00261; Unimod:417	Archaea; taxId:2157 (Archaea); Bacteria; taxId:2 (Bacteria); Eukaryota; taxId:2797 (Bangiophyceae); Viruses; taxId:10239 (Viruses)
PTM-0376	Oxazole-4-carboxylic acid (Cys-Ser)	CROSSLNK	Cysteine-Serine	Amino acid backbone-Amino acid backbone	Protein core-Protein core	H-4 O-1	H-4 O-1	-20.026215	-20.03	Extracellular and lumenal localisation		RESID:AA0238; PSI-MOD:MOD:00243	Bacteria; taxId:562 (Escherichia coli)
PTM-0377	Oxazole-4-carboxylic acid (Gly-Ser)	CROSSLNK	Glycine-Serine	Amino acid backbone-Amino acid backbone	Protein core-Protein core	H-4 O-1	H-4 O-1	-20.026215	-20.03	Extracellular and lumenal localisation		RESID:AA0240; PSI-MOD:MOD:00245	Bacteria; taxId:562 (Escherichia coli)
PTM-0463	Oxazole-4-carboxylic acid (Ile-Ser)	CROSSLNK	Isoleucine-Serine	Amino acid backbone-Amino acid backbone	Protein core-Protein core	H-4 O-1	H-4 O-1	-20.026215	-20.03	Extracellular and lumenal localisation		RESID:AA0573; PSI-MOD:MOD:01902	Bacteria; taxId:326423 (Bacillus velezensis (strain DSM 23117 / BGSC 10A6 / FZB42)), taxId:1408 (Bacillus pumilus)
PTM-0464	Oxazole-4-carboxylic acid (Ser-Ser)	CROSSLNK	Serine-Serine	Amino acid backbone-Amino acid backbone	Protein core-Protein core	H-4 O-1	H-4 O-1	-20.026215	-20.03	Extracellular and lumenal localisation		RESID:AA0574; PSI-MOD:MOD:01903	Bacteria; taxId:326423 (Bacillus velezensis (strain DSM 23117 / BGSC 10A6 / FZB42)), taxId:1408 (Bacillus pumilus)
PTM-0381	Oxazoline-4-carboxylic acid (Cys-Ser)	CROSSLNK	Cysteine-Serine	Amino acid backbone-Amino acid backbone	Protein core-Protein core	H-2 O-1	H-2 O-1	-18.010565	-18.02	Extracellular and lumenal localisation		RESID:AA0239; PSI-MOD:MOD:00244	Bacteria; taxId:2037 (Actinomycetales)
PTM-0247	Peptide (Met-Gly) (interchain with G-...)	CROSSLNK	Methionine-Glycine	Amino acid backbone-Amino acid backbone	N-terminal-C-terminal					Intracellular localisation			Eukaryota; taxId:40674 (Mammalia)
PTM-0245	Pentaglycyl murein peptidoglycan amidated alanine	MOD_RES	Alanine	Amino acid backbone	C-terminal					Extracellular and lumenal localisation	Peptidoglycan-anchor	RESID:AA0383; PSI-MOD:MOD:00388	Bacteria; taxId:1239 (Firmicutes)
PTM-0246	Pentaglycyl murein peptidoglycan amidated threonine	MOD_RES	Threonine	Amino acid backbone	C-terminal					Extracellular and lumenal localisation	Peptidoglycan-anchor	RESID:AA0345; PSI-MOD:MOD:00350	Bacteria; taxId:2 (Bacteria)
PTM-0248	Phenylalanine amide	MOD_RES	Phenylalanine	Amino acid backbone	C-terminal	H1 N1 O-1	H N O-1	-0.984016	-0.98	Extracellular and lumenal localisation	Amidation	ChEBI:CHEBI:61957; RESID:AA0094; PSI-MOD:MOD:00103; Unimod:2	Eukaryota; taxId:33208 (Metazoa)
PTM-0249	Phosphatidylethanolamine amidated glycine	LIPID	Glycine	Amino acid backbone	C-terminal	C39 H74 N1 O7 P1	C39 H74 N O7 P	699.52029	699.99	Intracellular localisation	Lipoprotein	ChEBI:CHEBI:172941; RESID:AA0346; PSI-MOD:MOD:00351	Eukaryota; taxId:2759 (Eukaryota)
PTM-0710	Phosphatidylserine amidated glycine	LIPID	Glycine	Amino acid backbone	C-terminal					Intracellular localisation	Lipoprotein	ChEBI:CHEBI:172942	Eukaryota; taxId:2759 (Eukaryota)
PTM-0250	Phosphoarginine	MOD_RES	Arginine	Amino acid side chain	Anywhere	H1 O3 P1	H O3 P	79.966331	79.98	Intracellular localisation	Phosphoprotein	ChEBI:CHEBI:83226; RESID:AA0222; PSI-MOD:MOD:00227; Unimod:21	Eukaryota; taxId:40674 (Mammalia); Bacteria; taxId:2 (Bacteria)
PTM-0251	Phosphocysteine	MOD_RES	Cysteine	Amino acid side chain	Anywhere	H1 O3 P1	H O3 P	79.966331	79.98	Intracellular localisation	Phosphoprotein	ChEBI:CHEBI:61975; RESID:AA0034; PSI-MOD:MOD:00043; Unimod:21	Archaea; taxId:2157 (Archaea); Bacteria; taxId:2 (Bacteria)
PTM-0252	Phosphohistidine	MOD_RES	Histidine	Amino acid side chain	Anywhere	H1 O3 P1	H O3 P	79.966331	79.98	Intracellular localisation	Phosphoprotein	PSI-MOD:MOD:00890; Unimod:21	Archaea; taxId:2157 (Archaea); Bacteria; taxId:2 (Bacteria); Eukaryota; taxId:2759 (Eukaryota)
PTM-0253	Phosphoserine	MOD_RES	Serine	Amino acid side chain	Anywhere	H1 O3 P1	H O3 P	79.966331	79.98	Intracellular localisation	Phosphoprotein	ChEBI:CHEBI:83421; RESID:AA0037; PSI-MOD:MOD:00046; Unimod:21	Archaea; taxId:2157 (Archaea); Bacteria; taxId:2 (Bacteria); Eukaryota; taxId:2759 (Eukaryota); Viruses; taxId:10239 (Viruses)
PTM-0254	Phosphothreonine	MOD_RES	Threonine	Amino acid side chain	Anywhere	H1 O3 P1	H O3 P	79.966331	79.98	Intracellular localisation	Phosphoprotein	ChEBI:CHEBI:61977; RESID:AA0038; PSI-MOD:MOD:00047; Unimod:21	Bacteria; taxId:2 (Bacteria); Eukaryota; taxId:2759 (Eukaryota); Viruses; taxId:10239 (Viruses)
PTM-0255	Phosphotyrosine	MOD_RES	Tyrosine	Amino acid side chain	Anywhere	H1 O3 P1	H O3 P	79.966331	79.98	Intracellular localisation	Phosphoprotein	ChEBI:CHEBI:61978; RESID:AA0039; PSI-MOD:MOD:00048; Unimod:21	Archaea; taxId:2287 (Sulfolobus solfataricus); Bacteria; taxId:1224 (Proteobacteria); Eukaryota; taxId:2759 (Eukaryota); Viruses; taxId:10239 (Viruses)
PTM-0494	PolyADP-ribosyl aspartic acid	MOD_RES	Aspartate	Amino acid side chain	Anywhere					Intracellular localisation	ADP-ribosylation		Eukaryota; taxId:7742 (Vertebrata)
PTM-0256	PolyADP-ribosyl glutamic acid	MOD_RES	Glutamate	Amino acid side chain	Anywhere					Intracellular localisation	ADP-ribosylation	RESID:AA0295; PSI-MOD:MOD:00300	Eukaryota; taxId:7742 (Vertebrata)
PTM-0449	Proline 5-hydroxy-oxazole-4-carbothionic acid (Pro-Cys)	CROSSLNK	Proline-Cysteine	Amino acid backbone-Amino acid backbone	Protein core-Protein core	H-4	H-4	-4.0313	-4.03	Extracellular and lumenal localisation		RESID:AA0551; PSI-MOD:MOD:01845	Bacteria; taxId:426 (Methylosinus trichosporium)
PTM-0774	Lysine 5-hydroxy-oxazole-4-carbothionic acid (Lys-Cys)	CROSSLNK	Lysine-Cysteine	Amino acid backbone-Amino acid backbone	Protein core-Protein core	H-4	H-4	-4.0313	-4.03	Extracellular and lumenal localisation			Bacteria; taxId:724 (Haemophilus)
PTM-0257	Proline amide	MOD_RES	Proline	Amino acid backbone	C-terminal	H1 N1 O-1	H N O-1	-0.984016	-0.98	Extracellular and lumenal localisation	Amidation	ChEBI:CHEBI:145914; RESID:AA0095; PSI-MOD:MOD:00104; Unimod:2	Bacteria; taxId:35762 (Planobispora rosea); Eukaryota; taxId:33208 (Metazoa)
PTM-0258	Pros-8alpha-FAD histidine	MOD_RES	Histidine	Amino acid side chain	Anywhere	C27 H31 N9 O15 P2	C27 H31 N9 O15 P2	783.141485	783.54	Intracellular localisation	FAD	RESID:AA0144; PSI-MOD:MOD:00153; Unimod:50	Archaea; taxId:2157 (Archaea); Bacteria; taxId:2 (Bacteria); Eukaryota; taxId:2759 (Eukaryota)
PTM-0259	Pros-methylhistidine	MOD_RES	Histidine	Amino acid side chain	Anywhere	C1 H2	C H2	14.01565	14.03	Intracellular localisation	Methylation	ChEBI:CHEBI:43903; RESID:AA0073; PSI-MOD:MOD:00082; Unimod:34	Archaea; taxId:28890 (Euryarchaeota); Eukaryota; taxId:7742 (Vertebrata)
PTM-0260	Pros-phosphohistidine	MOD_RES	Histidine	Amino acid side chain	Anywhere	H1 O3 P1	H O3 P	79.966331	79.98	Intracellular localisation	Phosphoprotein	ChEBI:CHEBI:64837; RESID:AA0036; PSI-MOD:MOD:00045; Unimod:21	Archaea; taxId:2157 (Archaea); Bacteria; taxId:2 (Bacteria); Eukaryota; taxId:2759 (Eukaryota)
PTM-0357	Pyridine-2,5-dicarboxylic acid (Ser-Cys) (with S-...)	CROSSLNK	Serine-Cysteine-Serine	Amino acid backbone-Amino acid backbone-Amino acid backbone	Protein core-Protein core-Protein core					Extracellular and lumenal localisation		RESID:AA0470; PSI-MOD:MOD:01393	Bacteria; taxId:2 (Bacteria)
PTM-0358	Pyridine-2,5-dicarboxylic acid (Ser-Ser) (with C-...)	CROSSLNK	Serine-Serine-Cysteine	Amino acid backbone-Amino acid backbone-Amino acid backbone	Protein core-Protein core-Protein core					Extracellular and lumenal localisation		RESID:AA0470; PSI-MOD:MOD:01393	Bacteria; taxId:2 (Bacteria)
PTM-0261	Pyrrolidone carboxylic acid	MOD_RES	Glutamine	Amino acid backbone	N-terminal	H-3 N-1	H-3 N-1	-17.026549	-17.03	Extracellular and lumenal localisation	Pyrrolidone carboxylic acid	ChEBI:CHEBI:87215; RESID:AA0031; PSI-MOD:MOD:00040; Unimod:28	Archaea; taxId:28890 (Euryarchaeota); Bacteria; taxId:2 (Bacteria); Eukaryota; taxId:2759 (Eukaryota)
PTM-0262	Pyrrolidone carboxylic acid (Glu)	MOD_RES	Glutamate	Amino acid backbone	N-terminal	H-2 O-1	H-2 O-1	-18.010565	-18.02	Extracellular and lumenal localisation	Pyrrolidone carboxylic acid	ChEBI:CHEBI:87215; RESID:AA0031; PSI-MOD:MOD:00420; Unimod:27	Eukaryota; taxId:9913 (Bos taurus)
PTM-0263	Pyrroloquinoline quinone (Glu-Tyr)	CROSSLNK	Glutamate-Tyrosine	Amino acid backbone-Amino acid backbone	Protein core-Protein core	H-10 O3	H-10 O3	37.906494	37.92	Extracellular and lumenal localisation		RESID:AA0283; PSI-MOD:MOD:00288	Bacteria; taxId:1224 (Proteobacteria)
PTM-0740	Glyoxylic acid (Cys)	MOD_RES	Cysteine	Amino acid backbone	N-terminal	C-1 H-5 N-1 O1 S-1	C-1 H-5 N-1 O S-1	-47.01936	-47.12	Intracellular localisation			Eukaryota; taxId:7742 (Vertebrata)
PTM-0265	Pyruvic acid (Cys)	MOD_RES	Cysteine	Amino acid backbone	N-terminal	H-3 N-1 O1 S-1	H-3 N-1 O S-1	-33.003705	-33.09	Intracellular localisation	Pyruvate	ChEBI:CHEBI:45360; RESID:AA0127; PSI-MOD:MOD:00136; Unimod:382	Bacteria; taxId:1239 (Firmicutes); Eukaryota; taxId:7742 (Vertebrata)
PTM-0266	Pyruvic acid (Ser)	MOD_RES	Serine	Amino acid backbone	N-terminal	H-3 N-1	H-3 N-1	-17.026549	-17.03	Intracellular localisation	Pyruvate	ChEBI:CHEBI:45360; RESID:AA0127; PSI-MOD:MOD:00807; Unimod:385	Archaea; taxId:2157 (Archaea); Bacteria; taxId:2 (Bacteria); Eukaryota; taxId:2759 (Eukaryota)
PTM-0662	Pyruvic acid (Tyr)	MOD_RES	Tyrosine	Amino acid backbone	N-terminal	C-6 H-7 N-1	C-6 H-7 N-1	-93.057849	-93.13	Intracellular localisation	Pyruvate	ChEBI:CHEBI:45360; RESID:AA0127; PSI-MOD:MOD:01661	Eukaryota; taxId:2759 (Eukaryota)
PTM-0447	S-(15-deoxy-Delta12,14-prostaglandin J2-9-yl)cysteine	LIPID	Cysteine	Amino acid side chain	Anywhere	C20 H28 O3	C20 H28 O3	316.203845	316.44		Lipoprotein	ChEBI:CHEBI:143698; RESID:AA0426; PSI-MOD:MOD:01174	Eukaryota; taxId:40674 (Mammalia)
PTM-0267	S-(2-aminovinyl)-3-methyl-D-cysteine (Thr-Cys)	CROSSLNK	Threonine-Cysteine	Amino acid side chain-Amino acid backbone	Anywhere-C-terminal	C-1 H-4 O-3	C-1 H-4 O-3	-64.016044	-64.04	Extracellular and lumenal localisation	D-amino acid; Thioether bond	RESID:AA0253; PSI-MOD:MOD:00258	Bacteria; taxId:69002 (Bacillus sp. (strain HIL-Y85/54728))
PTM-0446	S-(2-aminovinyl)-D-cysteine (Cys-Cys)	CROSSLNK	Cysteine-Cysteine	Amino acid side chain-Amino acid backbone	Anywhere-C-terminal	C-1 H-4 O-2 S-1	C-1 H-4 O-2 S-1	-79.9932	-80.1	Extracellular localisation	D-amino acid; Thioether bond	RESID:AA0204; PSI-MOD:MOD:01849	Bacteria; taxId:932694 (Streptomyces sp. OH-4156)
PTM-0268	S-(2-aminovinyl)-D-cysteine (Ser-Cys)	CROSSLNK	Serine-Cysteine	Amino acid side chain-Amino acid backbone	Anywhere-C-terminal	C-1 H-4 O-3	C-1 H-4 O-3	-64.016044	-64.04	Extracellular and lumenal localisation	D-amino acid; Thioether bond	RESID:AA0204; PSI-MOD:MOD:00209	Bacteria; taxId:1239 (Firmicutes)
PTM-0443	S-(2-aminovinyl)-L-cysteine (Cys-Cys)	CROSSLNK	Cysteine-Cysteine	Amino acid side chain-Amino acid backbone	Anywhere-C-terminal	C-1 H-4 O-2 S-1	C-1 H-4 O-2 S-1	-79.9932	-80.1	Extracellular localisation	Thioether bond	RESID:AA0548; PSI-MOD:MOD:01842	Bacteria; taxId:932694 (Streptomyces sp. OH-4156)
PTM-0414	S-(4-hydroxycinnamyl)cysteine	MOD_RES	Cysteine	Amino acid side chain	Anywhere	C9 H6 O2	C9 H6 O2	146.036779	146.14		Chromophore	RESID:AA0207; PSI-MOD:MOD:00212; Unimod:407	Bacteria; taxId:1224 (Proteobacteria); Eukaryota; taxId:33090 (Viridiplantae)
PTM-0428	S-(coelenterazin-3a-yl)cysteine	MOD_RES	Cysteine	Amino acid side chain	Anywhere	C26 H19 N3 O3	C26 H19 N3 O3	421.142641	421.46	Intracellular localisation		PSI-MOD:MOD:01694	Eukaryota; taxId:2759 (Eukaryota)
PTM-0421	S-(dipyrrolylmethanemethyl)cysteine	MOD_RES	Cysteine	Amino acid side chain	Anywhere	C20 H22 N2 O8	C20 H22 N2 O8	418.137616	418.4	Intracellular localisation		ChEBI:CHEBI:61892; RESID:AA0252; PSI-MOD:MOD:00257; Unimod:416	Archaea; taxId:2157 (Archaea); Bacteria; taxId:2 (Bacteria); Eukaryota; taxId:2759 (Eukaryota)
PTM-0269	S-12-hydroxyfarnesyl cysteine	LIPID	Cysteine	Amino acid side chain	Anywhere	C15 H24 O1	C15 H24 O	220.182715	220.36	Intracellular localisation	Prenylation	ChEBI:CHEBI:143699; RESID:AA0103; PSI-MOD:MOD:00112; Unimod:376	Eukaryota; taxId:5217 (Tremella mesenterica)
PTM-0270	S-4a-FMN cysteine	MOD_RES	Cysteine	Amino acid side chain	Anywhere	C17 H21 N4 O9 P1	C17 H21 N4 O9 P	456.104615	456.35	Intracellular localisation	FMN	RESID:AA0351; PSI-MOD:MOD:00356; Unimod:443	Bacteria; taxId:1239 (Firmicutes); Eukaryota; taxId:3702 (Arabidopsis thaliana)
PTM-0271	S-6-FMN cysteine	MOD_RES	Cysteine	Amino acid side chain	Anywhere	C17 H19 N4 O9 P1	C17 H19 N4 O9 P	454.088965	454.33	Intracellular localisation	FMN	RESID:AA0220; PSI-MOD:MOD:00225; Unimod:409	Bacteria; taxId:1224 (Proteobacteria)
PTM-0272	S-8alpha-FAD cysteine	MOD_RES	Cysteine	Amino acid side chain	Anywhere	C27 H31 N9 O15 P2	C27 H31 N9 O15 P2	783.141485	783.54	Intracellular localisation	FAD	RESID:AA0143; PSI-MOD:MOD:00152; Unimod:50	Bacteria; taxId:2 (Bacteria); Eukaryota; taxId:2759 (Eukaryota)
PTM-0273	S-archaeol cysteine	LIPID	Cysteine	Amino acid side chain	N-terminal	C43 H86 O2	C43 H86 O2	634.662782	635.16	Extracellular and lumenal localisation	Lipoprotein	ChEBI:CHEBI:143704; RESID:AA0223; PSI-MOD:MOD:00228; Unimod:410	Archaea; taxId:28890 (Euryarchaeota)
PTM-0452	S-bacillithiol cysteine disulfide	MOD_RES	Cysteine	Amino acid side chain	Anywhere	C13 H20 N2 O10 S1	C13 H20 N2 O10 S	396.083866	396.37	Intracellular localisation		RESID:AA0563; PSI-MOD:MOD:01860	Bacteria; taxId:2 (Bacteria)
PTM-0677	S-cGMP-cysteine	MOD_RES	Cysteine	Amino acid side chain	Anywhere							ChEBI:CHEBI:144463	Bacteria; taxId:2 (Bacteria); Eukaryota; taxId:2759 (Eukaryota)
PTM-0324	S-cysteinyl 3-(oxidosulfanyl)alanine (Cys-Cys)	CROSSLNK	Cysteine-Cysteine	Amino acid side chain-Amino acid side chain	Anywhere-Anywhere	H-2 O1	H-2 O	13.979265	13.98	Extracellular and lumenal localisation	Disulfide bond	RESID:AA0457; PSI-MOD:MOD:01383	Eukaryota; taxId:68444 (Polypedates leucomystax)
PTM-0415	S-cysteinyl cysteine	MOD_RES	Cysteine	Amino acid side chain	Anywhere	C3 H5 N1 O2 S1	C3 H5 N O2 S	119.004099	119.14	Extracellular and lumenal localisation		RESID:AA0025; PSI-MOD:MOD:00765; Unimod:312	Bacteria; taxId:91347 (Enterobacterales); Eukaryota; taxId:40674 (Mammalia)
PTM-0274	S-diacylglycerol cysteine	LIPID	Cysteine	Amino acid side chain	N-terminal	C37 H68 O4	C37 H68 O4	576.511761	576.93	Extracellular and lumenal localisation	Lipoprotein	ChEBI:CHEBI:140656; RESID:AA0107; PSI-MOD:MOD:00116; Unimod:377	Bacteria; taxId:2 (Bacteria)
PTM-0275	Serine amide	MOD_RES	Serine	Amino acid backbone	C-terminal	H1 N1 O-1	H N O-1	-0.984016	-0.98	Extracellular and lumenal localisation	Amidation	ChEBI:CHEBI:145915; RESID:AA0096; PSI-MOD:MOD:00105; Unimod:2	Bacteria; taxId:146537 (Streptomyces azureus); Eukaryota; taxId:33208 (Metazoa)
PTM-0276	Serine microcin E492 siderophore ester	MOD_RES	Serine	Amino acid backbone	C-terminal	C36 H37 N3 O20	C36 H37 N3 O20	831.197041	831.69	Extracellular and lumenal localisation		RESID:AA0374; PSI-MOD:MOD:00379; Unimod:448	Bacteria; taxId:573 (Klebsiella pneumoniae)
PTM-0277	S-farnesyl cysteine	LIPID	Cysteine	Amino acid side chain	Anywhere	C15 H24	C15 H24	204.187801	204.36	Intracellular localisation	Prenylation	ChEBI:CHEBI:86019; RESID:AA0102; PSI-MOD:MOD:00111; Unimod:44	Eukaryota; taxId:2759 (Eukaryota)
PTM-0278	S-geranylgeranyl cysteine	LIPID	Cysteine	Amino acid side chain	Anywhere	C20 H32	C20 H32	272.250401	272.48	Intracellular localisation	Prenylation	ChEBI:CHEBI:86021; RESID:AA0104; PSI-MOD:MOD:00113; Unimod:48	Eukaryota; taxId:2759 (Eukaryota)
PTM-0311	S-glutathionyl cysteine	MOD_RES	Cysteine	Amino acid side chain	Anywhere	C10 H15 N3 O6 S1	C10 H15 N3 O6 S	305.068156	305.3	Intracellular localisation	Glutathionylation	RESID:AA0229; PSI-MOD:MOD:00234; Unimod:55	Bacteria; taxId:83333 (Escherichia coli (strain K12)); Eukaryota; taxId:3981 (Hevea brasiliensis), taxId:7742 (Vertebrata)
PTM-0731	L-cysteine coenzyme A disulfide	MOD_RES	Cysteine	Amino acid side chain	Anywhere	C21 H34 N7 O16 P3 S1	C21 H34 N7 O16 P3 S	765.099559	765.52			ChEBI:CHEBI:195328; RESID:AA0306; PSI-MOD:MOD:00311; Unimod:281	Bacteria; taxId:2 (Bacteria); Eukaryota; taxId:40674 (Mammalia)
PTM-0401	S-Lysyl-methionine sulfilimine (Met-Lys) (interchain with K-...)	CROSSLNK	Methionine-Lysine	Amino acid side chain-Amino acid side chain	Anywhere-Anywhere					Extracellular and lumenal localisation		RESID:AA0501; PSI-MOD:MOD:01602	Eukaryota; taxId:40674 (Mammalia)
PTM-0402	S-Lysyl-methionine sulfilimine (Lys-Met) (interchain with M-...)	CROSSLNK	Lysine-Methionine	Amino acid side chain-Amino acid side chain	Anywhere-Anywhere					Extracellular and lumenal localisation		RESID:AA0501; PSI-MOD:MOD:01602	Eukaryota; taxId:40674 (Mammalia)
PTM-0279	S-methylcysteine	MOD_RES	Cysteine	Amino acid side chain	Anywhere	C1 H2	C H2	14.01565	14.03	Intracellular localisation	Methylation	ChEBI:CHEBI:82612; RESID:AA0234; PSI-MOD:MOD:00239; Unimod:34	Archaea; taxId:28890 (Euryarchaeota); Bacteria; taxId:1421 (Lysinibacillus sphaericus); Eukaryota; taxId:3055 (Chlamydomonas reinhardtii)
PTM-0636	S-methylmethionine	MOD_RES	Methionine	Amino acid side chain	Anywhere	C1 H3	C H3	15.022927	15.03	Intracellular localisation	Methylation	ChEBI:CHEBI:142742; RESID:AA0616; PSI-MOD:MOD:01974	Eukaryota; taxId:162425 (Emericella nidulans)
PTM-0280	S-nitrosocysteine	MOD_RES	Cysteine	Amino acid side chain	Anywhere	H-1 N1 O1	H-1 N O	28.990164	29.0	Intracellular localisation	S-nitrosylation	ChEBI:CHEBI:149494; RESID:AA0230; PSI-MOD:MOD:00235; Unimod:275	Bacteria; taxId:1224 (Proteobacteria); Eukaryota; taxId:40674 (Mammalia)
PTM-0281	S-palmitoyl cysteine	LIPID	Cysteine	Amino acid side chain	Anywhere	C16 H30 O1	C16 H30 O	238.229666	238.41	Intracellular localisation	Palmitate	ChEBI:CHEBI:74151; RESID:AA0106; PSI-MOD:MOD:00115; Unimod:47	Bacteria; taxId:2 (Bacteria); Eukaryota; taxId:2759 (Eukaryota)
PTM-0282	S-selanylcysteine	MOD_RES	Cysteine	Amino acid side chain	Anywhere	Se1	Se	79.916521	78.97	Intracellular localisation	Selenium	RESID:AA0277; PSI-MOD:MOD:00282; Unimod:423	Bacteria; taxId:562 (Escherichia coli); Eukaryota; taxId:33090 (Viridiplantae)
PTM-0283	S-stearoyl cysteine	LIPID	Cysteine	Amino acid side chain	Anywhere	C18 H34 O1	C18 H34 O	266.260966	266.47	Intracellular localisation	Lipoprotein	ChEBI:CHEBI:143200; RESID:AA0407; PSI-MOD:MOD:00816	Eukaryota; taxId:9606 (Homo sapiens)
PTM-0717	N6-stearoyl lysine	LIPID	Lysine	Amino acid side chain	Anywhere	C18 H34 O1	C18 H34 O	266.260966	266.47	Intracellular localisation	Lipoprotein	ChEBI:CHEBI:143206; PSI-MOD:MOD:02009	Eukaryota; taxId:9606 (Homo sapiens)
PTM-0730	Sulfocysteine	MOD_RES	Cysteine	Amino acid side chain	Anywhere	O3 S1	O3 S	79.956815	80.06		Sulfation	ChEBI:CHEBI:87169; RESID:AA0171; PSI-MOD:MOD:00180; Unimod:40	Eukaryota; taxId:40674 (Mammalia)
PTM-0284	Sulfoserine	MOD_RES	Serine	Amino acid side chain	Anywhere	O3 S1	O3 S	79.956815	80.06	Intracellular localisation	Sulfation	RESID:AA0361; PSI-MOD:MOD:00366; Unimod:40	Eukaryota; taxId:9606 (Homo sapiens)
PTM-0285	Sulfothreonine	MOD_RES	Threonine	Amino acid side chain	Anywhere	O3 S1	O3 S	79.956815	80.06	Extracellular and lumenal localisation	Sulfation	RESID:AA0362; PSI-MOD:MOD:00367; Unimod:40	Eukaryota; taxId:36329 (Plasmodium falciparum (isolate 3D7))
PTM-0286	Sulfotyrosine	MOD_RES	Tyrosine	Amino acid side chain	Anywhere	O3 S1	O3 S	79.956815	80.06	Extracellular and lumenal localisation	Sulfation	ChEBI:CHEBI:65286; RESID:AA0172; PSI-MOD:MOD:00181; Unimod:40	Eukaryota; taxId:33208 (Metazoa), taxId:33090 (Viridiplantae)
PTM-0287	Symmetric dimethylarginine	MOD_RES	Arginine	Amino acid side chain	Anywhere	C2 H4	C2 H4	28.0313	28.05	Intracellular localisation	Methylation	ChEBI:CHEBI:88221; RESID:AA0067; PSI-MOD:MOD:00076; Unimod:36	Eukaryota; taxId:7742 (Vertebrata)
PTM-0416	Tele-(1,2,3-trihydroxypropan-2-yl)histidine	MOD_RES	Histidine	Amino acid side chain	Anywhere	C3 H6 O3	C3 H6 O3	90.031694	90.08			RESID:AA0431; PSI-MOD:MOD:01177	Bacteria; taxId:1360 (Lactococcus lactis subsp. lactis)
PTM-0288	Tele-8alpha-FAD histidine	MOD_RES	Histidine	Amino acid side chain	Anywhere	C27 H31 N9 O15 P2	C27 H31 N9 O15 P2	783.141485	783.54	Intracellular localisation	FAD	RESID:AA0221; PSI-MOD:MOD:00226; Unimod:50	Bacteria; taxId:2 (Bacteria); Eukaryota; taxId:2759 (Eukaryota)
PTM-0289	Tele-8alpha-FMN histidine	MOD_RES	Histidine	Amino acid side chain	Anywhere	C17 H19 N4 O9 P1	C17 H19 N4 O9 P	454.088965	454.33	Intracellular localisation	FMN	RESID:AA0352; PSI-MOD:MOD:00357; Unimod:409	Bacteria; taxId:69006 (Corynebacterium sp. (strain P-1))
PTM-0290	Tele-methylhistidine	MOD_RES	Histidine	Amino acid side chain	Anywhere	C1 H2	C H2	14.01565	14.03	Intracellular localisation	Methylation	ChEBI:CHEBI:16367; RESID:AA0317; PSI-MOD:MOD:00322; Unimod:34	Eukaryota; taxId:5791 (Physarum polycephalum), taxId:7742 (Vertebrata)
PTM-0325	Tele-phosphohistidine	MOD_RES	Histidine	Amino acid side chain	Anywhere	H1 O3 P1	H O3 P	79.966331	79.98	Intracellular localisation	Phosphoprotein	ChEBI:CHEBI:83586; RESID:AA0035; PSI-MOD:MOD:00044; Unimod:21	Archaea; taxId:2157 (Archaea); Bacteria; taxId:2 (Bacteria); Eukaryota; taxId:2759 (Eukaryota)
PTM-0460	Thiazole-4-carboxylic acid (Arg-Cys)	CROSSLNK	Arginine-Cysteine	Amino acid backbone-Amino acid backbone	Protein core-Protein core	H-4 O-1	H-4 O-1	-20.026215	-20.03	Extracellular and lumenal localisation	Thioether bond	RESID:AA0570; PSI-MOD:MOD:01899	Bacteria; taxId:326423 (Bacillus velezensis (strain DSM 23117 / BGSC 10A6 / FZB42)), taxId:1408 (Bacillus pumilus)
PTM-0359	Thiazole-4-carboxylic acid (Asn-Cys)	CROSSLNK	Asparagine-Cysteine	Amino acid backbone-Amino acid backbone	Protein core-Protein core					Extracellular and lumenal localisation	Thioether bond	RESID:AA0481; PSI-MOD:MOD:01404	Bacteria; taxId:1931 (Streptomyces sp.)
PTM-0360	Thiazole-4-carboxylic acid (Cys-Cys)	CROSSLNK	Cysteine-Cysteine	Amino acid backbone-Amino acid backbone	Protein core-Protein core					Extracellular and lumenal localisation	Thioether bond	RESID:AA0244; PSI-MOD:MOD:00249	Bacteria; taxId:2 (Bacteria)
PTM-0456	Thiazole-4-carboxylic acid (Glu-Cys)	CROSSLNK	Glutamate-Cysteine	Amino acid backbone-Amino acid backbone	Protein core-Protein core	H-4 O-1	H-4 O-1	-20.026215	-20.03	Extracellular and lumenal localisation	Thioether bond	RESID:AA0541; PSI-MOD:MOD:01815	Bacteria; taxId:1885 (Streptomyces actuosus)
PTM-0378	Thiazole-4-carboxylic acid (Gly-Cys)	CROSSLNK	Glycine-Cysteine	Amino acid backbone-Amino acid backbone	Protein core-Protein core	H-4 O-1	H-4 O-1	-20.026215	-20.03	Extracellular and lumenal localisation	Thioether bond	RESID:AA0241; PSI-MOD:MOD:00246	Bacteria; taxId:1224 (Proteobacteria)
PTM-0361	Thiazole-4-carboxylic acid (Ile-Cys)	CROSSLNK	Isoleucine-Cysteine	Amino acid backbone-Amino acid backbone	Protein core-Protein core	H-4 O-1	H-4 O-1	-20.026215	-20.03	Extracellular and lumenal localisation	Thioether bond	RESID:AA0466; PSI-MOD:MOD:01389	Bacteria; taxId:146537 (Streptomyces azureus)
PTM-0375	Thiazole-4-carboxylic acid (Phe-Cys)	CROSSLNK	Phenylalanine-Cysteine	Amino acid backbone-Amino acid backbone	Protein core-Protein core					Extracellular and lumenal localisation	Thioether bond	RESID:AA0243; PSI-MOD:MOD:00248	Bacteria; taxId:35762 (Planobispora rosea)
PTM-0362	Thiazole-4-carboxylic acid (Pro-Cys)	CROSSLNK	Proline-Cysteine	Amino acid backbone-Amino acid backbone	Protein core-Protein core	H-4 O-1	H-4 O-1	-20.026215	-20.03	Extracellular and lumenal localisation	Thioether bond	RESID:AA0482; PSI-MOD:MOD:01405	Bacteria; taxId:1931 (Streptomyces sp.)
PTM-0363	Thiazole-4-carboxylic acid (Ser-Cys)	CROSSLNK	Serine-Cysteine	Amino acid backbone-Amino acid backbone	Protein core-Protein core	H-4 O-1	H-4 O-1	-20.026215	-20.03	Extracellular and lumenal localisation	Thioether bond	RESID:AA0242; PSI-MOD:MOD:00247	Bacteria; taxId:2 (Bacteria)
PTM-0364	Thiazole-4-carboxylic acid (Thr-Cys)	CROSSLNK	Threonine-Cysteine	Amino acid backbone-Amino acid backbone	Protein core-Protein core	H-4 O-1	H-4 O-1	-20.026215	-20.03	Extracellular and lumenal localisation	Thioether bond	RESID:AA0483; PSI-MOD:MOD:01406	Bacteria; taxId:2 (Bacteria)
PTM-0365	Thiazole-4-carboxylic acid (Val-Cys)	CROSSLNK	Valine-Cysteine	Amino acid backbone-Amino acid backbone	Protein core-Protein core	H-4 O-1	H-4 O-1	-20.026215	-20.03	Extracellular and lumenal localisation	Thioether bond	RESID:AA0467; PSI-MOD:MOD:01390	Bacteria; taxId:1386 (Bacillus)
PTM-0366	Thiazoline-4-carboxylic acid (Phe-Cys)	CROSSLNK	Phenylalanine-Cysteine	Amino acid backbone-Amino acid backbone	Protein core-Protein core	H-2 O-1	H-2 O-1	-18.010565	-18.02	Extracellular and lumenal localisation	Thioether bond	RESID:AA0484; PSI-MOD:MOD:01407	Bacteria; taxId:1931 (Streptomyces sp.)
PTM-0392	(4S)-thiazoline-4-carboxylic acid (Thr-Cys)	CROSSLNK	Threonine-Cysteine	Amino acid backbone-Amino acid backbone	Protein core-Protein core	H-2 O-1	H-2 O-1	-18.010565	-18.02	Extracellular and lumenal localisation	Thioether bond	RESID:AA0485; PSI-MOD:MOD:01408	Bacteria; taxId:146537 (Streptomyces azureus)
PTM-0683	Thiazolidine linkage to a ring-opened DNA abasic site	MOD_RES	Cysteine	Amino acid side chain	N-terminal					Intracellular localisation	Covalent protein-DNA linkage	ChEBI:CHEBI:145793	Bacteria; taxId:2 (Bacteria); Eukaryota; taxId:2759 (Eukaryota); Viruses; taxId:10239 (Viruses)
PTM-0458	Threonine 5-hydroxy-oxazole-4-carbonthionic acid (Thr-Cys)	CROSSLNK	Threonine-Cysteine	Amino acid backbone-Amino acid backbone	Protein core-Protein core	H-4	H-4	-4.0313	-4.03	Extracellular and lumenal localisation		RESID:AA0554; PSI-MOD:MOD:01878	Bacteria; taxId:743836 (Methylocystis sp. (strain SB2))
PTM-0293	Threonine amide	MOD_RES	Threonine	Amino acid backbone	C-terminal	H1 N1 O-1	H N O-1	-0.984016	-0.98	Extracellular and lumenal localisation	Amidation	ChEBI:CHEBI:145916; RESID:AA0097; PSI-MOD:MOD:00106; Unimod:2	Eukaryota; taxId:33208 (Metazoa)
PTM-0326	Threonyl lysine isopeptide (Lys-Thr) (interchain with T-...)	CROSSLNK	Lysine-Threonine	Amino acid side chain-Amino acid side chain	Anywhere-Anywhere					Extracellular and lumenal localisation	Isopeptide bond	RESID:AA0440; PSI-MOD:MOD:00924	Bacteria; taxId:301447 (Streptococcus pyogenes serotype M1)
PTM-0327	Threonyl lysine isopeptide (Thr-Lys) (interchain with K-...)	CROSSLNK	Threonine-Lysine	Amino acid side chain-Amino acid side chain	Anywhere-Anywhere					Extracellular and lumenal localisation	Isopeptide bond	RESID:AA0440; PSI-MOD:MOD:00924	Bacteria; taxId:301447 (Streptococcus pyogenes serotype M1)
PTM-0412	Threonine methyl ester	MOD_RES	Threonine	Amino acid backbone	C-terminal	C1 H2	C H2	14.01565	14.03		Methylation	RESID:AA0507; PSI-MOD:MOD:01610	Bacteria; taxId:45979 (Nocardia pseudobrasiliensis)
PTM-0417	Trithiocysteine (Cys-Cys)	CROSSLNK	Cysteine-Cysteine	Amino acid side chain-Amino acid side chain	Anywhere-Anywhere	H-2 S3	H-2 S3	93.900563	94.16			RESID:AA0513; PSI-MOD:MOD:01616	Archaea; taxId:2157 (Archaea)
PTM-0296	Tryptophan amide	MOD_RES	Tryptophan	Amino acid backbone	C-terminal	H1 N1 O-1	H N O-1	-0.984016	-0.98	Extracellular and lumenal localisation	Amidation	ChEBI:CHEBI:145917; RESID:AA0098; PSI-MOD:MOD:00107; Unimod:2	Eukaryota; taxId:33208 (Metazoa)
PTM-0297	Tryptophan derivative	MOD_RES	Tryptophan									PSI-MOD:MOD:00918	Archaea; taxId:2157 (Archaea); Bacteria; taxId:2 (Bacteria); Eukaryota; taxId:2759 (Eukaryota)
PTM-0298	Tryptophan tryptophylquinone (Trp-Trp)	CROSSLNK	Tryptophan-Tryptophan	Amino acid side chain-Amino acid side chain	Anywhere-Anywhere	H-4 O2	H-4 O2	27.958529	27.97	Extracellular and lumenal localisation	TTQ	ChEBI:CHEBI:20251; RESID:AA0149; PSI-MOD:MOD:00158	Bacteria; taxId:1224 (Proteobacteria)
PTM-0299	Tryptophylquinone	MOD_RES	Tryptophan	Amino acid side chain	Anywhere	H-2 O2	H-2 O2	29.974179	29.98	Extracellular and lumenal localisation		RESID:AA0148; PSI-MOD:MOD:00157; Unimod:392	Bacteria; taxId:1224 (Proteobacteria)
PTM-0328	Tryptophyl-tyrosyl-methioninium (Trp-Tyr) (with M-...)	CROSSLNK	Tryptophan-Tyrosine-Methionine	Amino acid side chain-Amino acid side chain-Amino acid side chain	Anywhere-Anywhere-Anywhere					Extracellular and lumenal localisation		RESID:AA0348; PSI-MOD:MOD:00353	Archaea; taxId:28890 (Euryarchaeota); Bacteria; taxId:2 (Bacteria); Eukaryota; taxId:4751 (Fungi)
PTM-0329	Tryptophyl-tyrosyl-methioninium (Tyr-Met) (with W-...)	CROSSLNK	Tyrosine-Methionine-Tryptophan	Amino acid side chain-Amino acid side chain-Amino acid side chain	Anywhere-Anywhere-Anywhere					Extracellular and lumenal localisation		RESID:AA0348; PSI-MOD:MOD:00353	Archaea; taxId:28890 (Euryarchaeota); Bacteria; taxId:2 (Bacteria); Eukaryota; taxId:2759 (Eukaryota)
PTM-0302	Tyrosine amide	MOD_RES	Tyrosine	Amino acid backbone	C-terminal	H1 N1 O-1	H N O-1	-0.984016	-0.98	Extracellular and lumenal localisation	Amidation	ChEBI:CHEBI:145918; RESID:AA0099; PSI-MOD:MOD:00108; Unimod:2	Eukaryota; taxId:33208 (Metazoa)
PTM-0303	Valine amide	MOD_RES	Valine	Amino acid backbone	C-terminal	H1 N1 O-1	H N O-1	-0.984016	-0.98	Extracellular and lumenal localisation	Amidation	ChEBI:CHEBI:145919; RESID:AA0100; PSI-MOD:MOD:00109; Unimod:2	Eukaryota; taxId:33208 (Metazoa)
PTM-0704	5-glutamyl dopamine	MOD_RES	Glutamine	Amino acid side chain	Anywhere	C8 H8 O2	C8 H8 O2	136.05243	136.15	Intracellular localisation		ChEBI:CHEBI:167175	Eukaryota; taxId:2759 (Eukaryota)
PTM-0488	5-glutamyl histamine	MOD_RES	Glutamine	Amino acid side chain	Anywhere	C5 H6 N2	C5 H6 N2	94.053098	94.12	Intracellular localisation		ChEBI:CHEBI:167179; RESID:AA0596; PSI-MOD:MOD:01950	Eukaryota; taxId:2759 (Eukaryota)
PTM-0705	5-glutamyl noradrenaline	MOD_RES	Glutamine	Amino acid side chain	Anywhere	C8 H8 O3	C8 H8 O3	152.04734	152.15	Intracellular localisation		ChEBI:CHEBI:167178	Eukaryota; taxId:2759 (Eukaryota)
PTM-0706	5-glutamyl serotonin	MOD_RES	Glutamine	Amino acid side chain	Anywhere	C10 H9 N1 O1	C10 H9 N O	159.068414	159.19	Intracellular localisation		ChEBI:CHEBI:167174; RESID:AA0528; PSI-MOD:MOD:01775	Eukaryota; taxId:2759 (Eukaryota)
PTM-0493	O-palmitoleoyl serine	LIPID	Serine	Amino acid side chain	Anywhere	C16 H28 O1	C16 H28 O	236.214016	236.4		Lipoprotein	ChEBI:CHEBI:85189; RESID:AA0455; PSI-MOD:MOD:01381	Eukaryota; taxId:2759 (Eukaryota)
PTM-0645	S-palmitoleoyl cysteine	LIPID	Cysteine	Amino acid side chain	Anywhere	C16 H28 O1	C16 H28 O	236.214016	236.4		Lipoprotein	ChEBI:CHEBI:143203; RESID:AA0308; PSI-MOD:MOD:00313; Unimod:431	Eukaryota; taxId:2759 (Eukaryota)
PTM-0504	C-linked (Man) hydroxytryptophan	CARBOHYD	Tryptophan	Amino acid side chain	Anywhere	C6 H10 O6	C6 H10 O6	178.047738	178.14	Extracellular and lumenal localisation	Glycoprotein; Hydroxylation	RESID:AA0506; PSI-MOD:MOD:01609	Eukaryota; taxId:73031 (Perna viridis)
PTM-0505	C-linked (Man) tryptophan	CARBOHYD	Tryptophan	Amino acid side chain	Anywhere	C6 H10 O5	C6 H10 O5	162.052823	162.14	Extracellular and lumenal localisation	Glycoprotein	ChEBI:CHEBI:195646; RESID:AA0217; PSI-MOD:MOD:00222; Unimod:41	Eukaryota; taxId:2759 (Eukaryota)
PTM-0506	N-linked (DATDGlc) asparagine	CARBOHYD	Asparagine	Amino acid side chain	Anywhere	C10 H16 N2 O4	C10 H16 N2 O4	228.111007	228.25	Extracellular and lumenal localisation	Glycoprotein	RESID:AA0606; PSI-MOD:MOD:01962	Bacteria; taxId:1224 (Proteobacteria)
PTM-0680	N-linked (Glc) (glycation) arginine	CARBOHYD	Arginine	Amino acid side chain	Anywhere	C6 H10 O5	C6 H10 O5	162.052823	162.14	Extracellular and lumenal localisation	Glycation		Eukaryota; taxId:40674 (Mammalia)
PTM-0507	N-linked (Glc) (glycation) histidine	CARBOHYD	Histidine	Amino acid side chain	Anywhere	C6 H10 O5	C6 H10 O5	162.052823	162.14	Extracellular and lumenal localisation	Glycation		Eukaryota; taxId:40674 (Mammalia)
PTM-0508	N-linked (Glc) (glycation) isoleucine	CARBOHYD	Isoleucine	Amino acid backbone	N-terminal	C6 H10 O5	C6 H10 O5	162.052823	162.14	Extracellular and lumenal localisation	Glycation		Eukaryota; taxId:40674 (Mammalia)
PTM-0509	N-linked (Glc) (glycation) lysine	CARBOHYD	Lysine	Amino acid side chain	Anywhere	C6 H10 O5	C6 H10 O5	162.052823	162.14	Extracellular and lumenal localisation	Glycation	PSI-MOD:MOD:01347; Unimod:41	Eukaryota; taxId:40674 (Mammalia)
PTM-0510	N-linked (Glc) (glycation) valine	CARBOHYD	Valine	Amino acid backbone	N-terminal	C6 H10 O5	C6 H10 O5	162.052823	162.14	Extracellular and lumenal localisation	Glycation		Eukaryota; taxId:40674 (Mammalia)
PTM-0511	N-linked (Lac) (glycation) lysine	CARBOHYD	Lysine	Amino acid side chain	Anywhere	C12 H22 O11	C12 H22 O11	342.116212	342.3	Extracellular and lumenal localisation	Glycation	PSI-MOD:MOD:00929; Unimod:512	Eukaryota; taxId:40674 (Mammalia)
PTM-0512	N-linked (GalNAc) asparagine	CARBOHYD	Asparagine	Amino acid side chain	Anywhere	C8 H13 N1 O5	C8 H13 N O5	203.079373	203.19	Extracellular and lumenal localisation	Glycoprotein	RESID:AA0420; PSI-MOD:MOD:00832	Archaea; taxId:2179 (Methanothermus)
PTM-0513	N-linked (GalNAc...) asparagine	CARBOHYD	Asparagine	Amino acid side chain	Anywhere					Extracellular and lumenal localisation	Glycoprotein		Archaea; taxId:2179 (Methanothermus); Eukaryota; taxId:40674 (Mammalia)
PTM-0514	N-linked (GalNAc...) (glycosaminoglycan) asparagine	CARBOHYD	Asparagine	Amino acid side chain	Anywhere					Extracellular and lumenal localisation	Proteoglycan		Archaea; taxId:2157 (Archaea)
PTM-0515	N-linked (Glc) arginine	CARBOHYD	Arginine	Amino acid side chain	Anywhere	C6 H10 O5	C6 H10 O5	162.052823	162.14	Extracellular and lumenal localisation	Glycoprotein	RESID:AA0327; PSI-MOD:MOD:00332; Unimod:41	Eukaryota; taxId:33090 (Viridiplantae)
PTM-0516	N-linked (Glc...) arginine	CARBOHYD	Arginine	Amino acid side chain	Anywhere					Extracellular and lumenal localisation	Glycoprotein		Eukaryota; taxId:33090 (Viridiplantae)
PTM-0707	N-alpha-linked (Rha) arginine	CARBOHYD	Arginine	Amino acid side chain	Anywhere	C6 H10 O4	C6 H10 O4	146.057909	146.14		Glycoprotein	ChEBI:CHEBI:167445	Bacteria; taxId:91347 (Enterobacterales)
PTM-0517	N-linked (Glc) asparagine	CARBOHYD	Asparagine	Amino acid side chain	Anywhere	C6 H10 O5	C6 H10 O5	162.052823	162.14	Extracellular and lumenal localisation	Glycoprotein	RESID:AA0421; PSI-MOD:MOD:00833	Archaea; taxId:2157 (Archaea); Eukaryota; taxId:2759 (Eukaryota)
PTM-0518	N-linked (Glc...) asparagine	CARBOHYD	Asparagine	Amino acid side chain	Anywhere					Extracellular and lumenal localisation	Glycoprotein		Archaea; taxId:2157 (Archaea); Eukaryota; taxId:2759 (Eukaryota)
PTM-0519	N-beta-linked (GlcNAc) arginine	CARBOHYD	Arginine	Amino acid side chain	Anywhere	C8 H13 N1 O5	C8 H13 N O5	203.079373	203.19	Intracellular localisation	Glycoprotein	ChEBI:CHEBI:167322; RESID:AA0609; PSI-MOD:MOD:01967	Bacteria; taxId:91347 (Enterobacterales); Eukaryota; taxId:2759 (Eukaryota)
PTM-0520	N-linked (GlcNAc...) arginine	CARBOHYD	Arginine	Amino acid side chain	Anywhere					Extracellular and lumenal localisation	Glycoprotein		
PTM-0521	N-linked (GlcNAc...) (complex) arginine	CARBOHYD	Arginine	Amino acid side chain	Anywhere					Extracellular and lumenal localisation	Glycoprotein		
PTM-0522	N-linked (GlcNAc...) (hybrid) arginine	CARBOHYD	Arginine	Amino acid side chain	Anywhere					Extracellular and lumenal localisation	Glycoprotein		
PTM-0523	N-linked (GlcNAc...) (high mannose) arginine	CARBOHYD	Arginine	Amino acid side chain	Anywhere					Extracellular and lumenal localisation	Glycoprotein		
PTM-0524	N-linked (GlcNAc...) (paucimannose) arginine	CARBOHYD	Arginine	Amino acid side chain	Anywhere					Extracellular and lumenal localisation	Glycoprotein		
PTM-0525	N-linked (GlcNAc...) (keratan sulfate) arginine	CARBOHYD	Arginine	Amino acid side chain	Anywhere					Extracellular and lumenal localisation	Glycoprotein		
PTM-0526	N-linked (GlcNAc...) (polylactosaminoglycan) arginine	CARBOHYD	Arginine	Amino acid side chain	Anywhere					Extracellular and lumenal localisation	Glycoprotein		
PTM-0527	N-linked (GlcNAc) asparagine	CARBOHYD	Asparagine	Amino acid side chain	Anywhere	C8 H13 N1 O5	C8 H13 N O5	203.079373	203.19	Extracellular and lumenal localisation	Glycoprotein	RESID:AA0151; PSI-MOD:MOD:00831; Unimod:43	Eukaryota; taxId:2759 (Eukaryota)
PTM-0528	N-linked (GlcNAc...) asparagine	CARBOHYD	Asparagine	Amino acid side chain	Anywhere					Extracellular and lumenal localisation	Glycoprotein		Archaea; taxId:2157 (Archaea); Eukaryota; taxId:2759 (Eukaryota)
PTM-0529	N-linked (GlcNAc...) (complex) asparagine	CARBOHYD	Asparagine	Amino acid side chain	Anywhere					Extracellular and lumenal localisation	Glycoprotein		Eukaryota; taxId:2759 (Eukaryota)
PTM-0745	N-linked (beta-D-GlcNAc-(1->2)-alpha-D-Man-(1->3)-[beta-D-GlcNAc-(1->2)-alpha-D-Man-(1->6)]-beta-D-Man-(1->4)-beta-D-GlcNAcl-(1->4)-beta-D-GlcNAc) (complex) asparagine	CARBOHYD	Asparagine	Amino acid side chain	Anywhere	C50 H82 N4 O35	C50 H82 N4 O35	1299.19	1298.47596	Extracellular and lumenal localisation	Glycoprotein	ChEBI:CHEBI:60651	Eukaryota; taxId:2759 (Eukaryota)
PTM-0746	N-linked (beta-D-Gal-(1->4)-beta-D-GlcNAc-(1->2)-alpha-D-Man-(1->3)-[beta-D-GlcNAc-(1->2)-alpha-D-Man-(1->6)]-beta-D-Man-(1->4)-beta-D-GlcNAc-(1->4)-beta-D-GlcNAc) (complex) asparagine	CARBOHYD	Asparagine	Amino acid side chain	Anywhere	C56 H92 N4 O40	C56 H92 N4 O40	1461.33	1460.52878	Extracellular and lumenal localisation	Glycoprotein	ChEBI:CHEBI:233541	Eukaryota; taxId:2759 (Eukaryota)
PTM-0747	N-linked (beta-D-GlcNAc-(1->2)-alpha-D-Man-(1->3)-[beta-D-Gal-(1->4)-beta-D-GlcNAc-(1->2)-alpha-D-Man-(1->6)]-beta-D-Man-(1->4)-beta-D-GlcNAc-(1->4)-beta-D-GlcNAc) (complex) asparagine	CARBOHYD	Asparagine	Amino acid side chain	Anywhere	C56 H92 N4 O40	C56 H92 N4 O40	1461.33	1460.52878	Extracellular and lumenal localisation	Glycoprotein	ChEBI:CHEBI:187878	Eukaryota; taxId:2759 (Eukaryota)
PTM-0748	N-linked ([beta-D-Gal-(1->4)-beta-D-GlcNAc-(1->2)-alpha-D-Man-(1->3)]-[beta-D-Gal-(1->4)-beta-D-GlcNAc-(1->2)-alpha-D-Man-(1->6)]-beta-D-Man-(1->4)-beta-D-GlcNAc-(1->4)-beta-D-GlcNAc) (complex) asparagine	CARBOHYD	Asparagine	Amino acid side chain	Anywhere	C62 H102 N4 O45	C62 H102 N4 O45	1623.48	1622.58161	Extracellular and lumenal localisation	Glycoprotein	ChEBI:CHEBI:232681	Eukaryota; taxId:2759 (Eukaryota)
PTM-0749	N-linked ([alpha-Neu5Ac-(2->6)-beta-D-Gal-(1->4)-beta-D-GlcNAc-(1->2)-alpha-D-Man-(1->3)]-[beta-D-Gal-(1->4)-beta-D-GlcNAc-(1->2)-alpha-D-Man-(1->6)]-beta-D-Man-(1->4)-beta-D-GlcNAc-(1->4)-beta-D-GlcNAc) (complex) asparagine	CARBOHYD	Asparagine	Amino acid side chain	Anywhere	C73 H119 N5 O53	C73 H119 N5 O53	1914.73	1913.67702	Extracellular and lumenal localisation	Glycoprotein	ChEBI:CHEBI:232682	Eukaryota; taxId:2759 (Eukaryota)
PTM-0750	N-linked (alpha-Neu5Ac-(2->6)-beta-D-Gal-(1->4)-beta-D-GlcNAc-(1->2)-alpha-D-Man-(1->3)-[alpha-Neu5Ac-(2->6)-beta-D-Gal-(1->4)-beta-D-GlcNAc-(1->2)-alpha-D-Man-(1->6)]-beta-D-Man-(1->4)-beta-D-GlcNAc-(1->4)-beta-D-GlcNAc) (complex) asparagine	CARBOHYD	Asparagine	Amino acid side chain	Anywhere	C84 H136 N6 O61	C84 H136 N6 O61	2205.99	2204.77244	Extracellular and lumenal localisation	Glycoprotein	ChEBI:CHEBI:233611	Eukaryota; taxId:2759 (Eukaryota)
PTM-0751	N-linked (beta-D-GlcNAc-(1->2)-alpha-D-Man-(1->3)-[beta-D-GlcNAc-(1->4)]-[beta-D-GlcNAc-(1->2)-alpha-D-Man-(1->6)]-beta-D-Man-(1->4)-beta-D-GlcNAc-(1->4)-beta-D-GlcNAc) (complex) asparagine	CARBOHYD	Asparagine	Amino acid side chain	Anywhere	C58 H95 N5 O40	C58 H95 N5 O40	1502.39	1501.55533	Extracellular and lumenal localisation	Glycoprotein	ChEBI:CHEBI:139504	Eukaryota; taxId:2759 (Eukaryota)
PTM-0752	N-linked (beta-D-Gal-(1->4)-beta-D-GlcNAc-(1->2)-alpha-D-Man-(1->3)-[beta-D-GlcNAc-(1->4)]-[beta-D-GlcNAc-(1->2)-alpha-D-Man-(1->6)]-beta-D-Man-(1->4)-beta-D-GlcNAc-(1->4)-beta-D-GlcNAc) (complex) asparagine	CARBOHYD	Asparagine	Amino acid side chain	Anywhere	C64 H105 N5 O45	C64 H105 N5 O45	1664.53	1663.60816	Extracellular and lumenal localisation	Glycoprotein	ChEBI:CHEBI:234193	Eukaryota; taxId:2759 (Eukaryota)
PTM-0753	N-linked (beta-D-GlcNAc-(1->2)-alpha-D-Man-(1->3)-[beta-D-GlcNAc-(1->4)]-[beta-D-Gal-(1->4)-beta-D-GlcNAc-(1->2)-alpha-D-Man-(1->6)]-beta-D-Man-(1->4)-beta-D-GlcNAc-(1->4)-beta-D-GlcNAc) (complex) asparagine	CARBOHYD	Asparagine	Amino acid side chain	Anywhere	C64 H105 N5 O45	C64 H105 N5 O45	1664.53	1663.60816	Extracellular and lumenal localisation	Glycoprotein	ChEBI:CHEBI:234194	Eukaryota; taxId:2759 (Eukaryota)
PTM-0754	N-linked (beta-D-Gal-(1->4)-beta-D-GlcNAc-(1->2)-alpha-D-Man-(1->3)-[beta-D-GlcNAc-(1->4)]-[beta-D-Gal-(1->4)-beta-D-GlcNAc-(1->2)-alpha-D-Man-(1->6)]-beta-D-Man-(1->4)-beta-D-GlcNAc-(1->4)-beta-D-GlcNAc) (complex) asparagine	CARBOHYD	Asparagine	Amino acid side chain	Anywhere	C70 H115 N5 O50	C70 H115 N5 O50	1826.67	1825.66098	Extracellular and lumenal localisation	Glycoprotein	ChEBI:CHEBI:234185	Eukaryota; taxId:2759 (Eukaryota)
PTM-0755	N-linked (alpha-Neu5Ac-(2->6)-beta-D-Gal-(1->4)-beta-D-GlcNAc-(1->2)-alpha-D-Man-(1->3)-[beta-D-GlcNAc-(1->4)]-[beta-D-GlcNAc-(1->2)-alpha-D-Man-(1->6)]-beta-D-Man-(1->4)-beta-D-GlcNAc-(1->4)-beta-D-GlcNAc) (complex) asparagine	CARBOHYD	Asparagine	Amino acid side chain	Anywhere	C75 H122 N6 O53	C75 H122 N6 O53	1955.78	1954.70357	Extracellular and lumenal localisation	Glycoprotein	ChEBI:CHEBI:234205	Eukaryota; taxId:2759 (Eukaryota)
PTM-0756	N-linked (beta-D-GlcNAc-(1->2)-alpha-D-Man-(1->3)-[beta-D-GlcNAc-(1->4)]-[alpha-Neu5Ac-(2->6)-beta-D-Gal-(1->4)-beta-D-GlcNAc-(1->2)-alpha-D-Man-(1->6)]-beta-D-Man-(1->4)-beta-D-GlcNAc-(1->4)-beta-D-GlcNAc) (complex) asparagine	CARBOHYD	Asparagine	Amino acid side chain	Anywhere	C75 H122 N6 O53	C75 H122 N6 O53	1955.78	1954.70357	Extracellular and lumenal localisation	Glycoprotein	ChEBI:CHEBI:234208	Eukaryota; taxId:2759 (Eukaryota)
PTM-0757	N-linked (beta-D-Gal-(1->4)-beta-D-GlcNAc-(1->2)-alpha-D-Man-(1->3)-[beta-D-GlcNAc-(1->4)]-[alpha-Neu5Ac-(2->6)-beta-D-Gal-(1->4)-beta-D-GlcNAc-(1->2)-alpha-D-Man-(1->6)]-beta-D-Man-(1->4)-beta-D-GlcNAc-(1->4)-beta-D-GlcNAc) (complex) asparagine	CARBOHYD	Asparagine	Amino acid side chain	Anywhere	C81 H132 N6 O58	C81 H132 N6 O58	2117.92	2116.7564	Extracellular and lumenal localisation	Glycoprotein	ChEBI:CHEBI:234195	Eukaryota; taxId:2759 (Eukaryota)
PTM-0758	N-linked (alpha-Neu5Ac-(2->6)-beta-D-Gal-(1->4)-beta-D-GlcNAc-(1->2)-alpha-D-Man-(1->3)-[beta-D-GlcNAc-(1->4)]-[beta-D-Gal-(1->4)-beta-D-GlcNAc-(1->2)-alpha-D-Man-(1->6)]-beta-D-Man-(1->4)-beta-D-GlcNAc-(1->4)-beta-D-GlcNAc) (complex) asparagine	CARBOHYD	Asparagine	Amino acid side chain	Anywhere	C81 H132 N6 O58	C81 H132 N6 O58	2117.92	2116.7564	Extracellular and lumenal localisation	Glycoprotein	ChEBI:CHEBI:234196	Eukaryota; taxId:2759 (Eukaryota)
PTM-0759	N-linked (alpha-Neu5Ac-(2->6)-beta-D-Gal-(1->4)-beta-D-GlcNAc-(1->2)-alpha-D-Man-(1->3)-[beta-D-GlcNAc-(1->4)]-[alpha-Neu5Ac-(2->6)-beta-D-Gal-(1->4)-beta-D-GlcNAc-(1->2)-alpha-D-Man-(1->6)]-beta-D-Man-(1->4)-beta-D-GlcNAc-(1->4)-beta-D-GlcNAc) (complex) asparagine	CARBOHYD	Asparagine	Amino acid side chain	Anywhere	C92 H149 N7 O66	C92 H149 N7 O66	2409.18	2407.85181	Extracellular and lumenal localisation	Glycoprotein	ChEBI:CHEBI:234186	Eukaryota; taxId:2759 (Eukaryota)
PTM-0760	N-linked (beta-D-GlcNAc-(1->2)-alpha-D-Man-(1->3)-[beta-D-GlcNAc-(1->2)-alpha-D-Man-(1->6)]-beta-D-Man-(1->4)-beta-D-GlcNAc-(1->4)-[alpha-L-Fuc-(1->6)]-beta-D-GlcNAc) (complex) asparagine	CARBOHYD	Asparagine	Amino acid side chain	Anywhere	C56 H92 N4 O39	C56 H92 N4 O39	1445.34	1444.53387	Extracellular and lumenal localisation	Glycoprotein	ChEBI:CHEBI:137207	Eukaryota; taxId:2759 (Eukaryota)
PTM-0761	N-linked (beta-D-Gal-(1->4)-beta-D-GlcNAc-(1->2)-alpha-D-Man-(1->3)-[beta-D-GlcNAc-(1->2)-alpha-D-Man-(1->6)]-beta-D-Man-(1->4)-beta-D-GlcNAc-(1->4)-[alpha-L-Fuc-(1->6)]-beta-D-GlcNAc) (complex) asparagine	CARBOHYD	Asparagine	Amino acid side chain	Anywhere	C62 H102 N4 O44	C62 H102 N4 O44	1607.48	1606.58669	Extracellular and lumenal localisation	Glycoprotein	ChEBI:CHEBI:233510	Eukaryota; taxId:2759 (Eukaryota)
PTM-0762	N-linked (beta-D-GlcNAc-(1->2)-alpha-D-Man-(1->3)-[beta-D-Gal-(1->4)-beta-D-GlcNAc-(1->2)-alpha-D-Man-(1->6)]-beta-D-Man-(1->4)-beta-D-GlcNAc-(1->4)-[alpha-L-Fuc-(1->6)]-beta-D-GlcNAc) (complex) asparagine	CARBOHYD	Asparagine	Amino acid side chain	Anywhere	C62 H102 N4 O44	C62 H102 N4 O44	1607.48	1606.58669	Extracellular and lumenal localisation	Glycoprotein	ChEBI:CHEBI:233511	Eukaryota; taxId:2759 (Eukaryota)
PTM-0763	N-linked (beta-D-Gal-(1->4)-beta-D-GlcNAc-(1->2)-alpha-D-Man-(1->3)-[beta-D-Gal-(1->4)-beta-D-GlcNAc-(1->2)-alpha-D-Man-(1->6)]-beta-D-Man-(1->4)-beta-D-GlcNAc-(1->4)-[alpha-L-Fuc-(1->6)]-beta-D-GlcNAc) (complex) asparagine	CARBOHYD	Asparagine	Amino acid side chain	Anywhere	C68 H112 N4 O49	C68 H112 N4 O49	1769.62	1768.63952	Extracellular and lumenal localisation	Glycoprotein	ChEBI:CHEBI:233509	Eukaryota; taxId:2759 (Eukaryota)
PTM-0764	N-linked (alpha-Neu5Ac-(2->6)-beta-D-Gal-(1->4)-beta-D-GlcNAc-(1->2)-alpha-D-Man-(1->3)-[beta-D-Gal-(1->4)-beta-D-GlcNAc-(1->2)-alpha-D-Man-(1->6)]-beta-D-Man-(1->4)-beta-D-GlcNAc-(1->4)-[alpha-L-Fuc-(1->6)]-beta-D-GlcNAc) (complex) asparagine	CARBOHYD	Asparagine	Amino acid side chain	Anywhere	C79 H129 N5 O57	C79 H129 N5 O57	2060.87	2059.73493	Extracellular and lumenal localisation	Glycoprotein	ChEBI:CHEBI:233513	Eukaryota; taxId:2759 (Eukaryota)
PTM-0765	N-linked (beta-D-Gal-(1->4)-beta-D-GlcNAc-(1->2)-alpha-D-Man-(1->3)-[alpha-Neu5Ac-(2->6)-beta-D-Gal-(1->4)-beta-D-GlcNAc-(1->2)-alpha-D-Man-(1->6)]-beta-D-Man-(1->4)-beta-D-GlcNAc-(1->4)-[alpha-L-Fuc-(1->6)]-beta-D-GlcNAc) (complex) asparagine	CARBOHYD	Asparagine	Amino acid side chain	Anywhere	C79 H129 N5 O57	C79 H129 N5 O57	2060.87	2059.73493	Extracellular and lumenal localisation	Glycoprotein	ChEBI:CHEBI:234308	Eukaryota; taxId:2759 (Eukaryota)
PTM-0766	N-linked (alpha-Neu5Ac-(2->6)-beta-D-Gal-(1->4)-beta-D-GlcNAc-(1->2)-alpha-D-Man-(1->3)-[alpha-Neu5Ac-(2->6)-beta-D-Gal-(1->4)-beta-D-GlcNAc-(1->2)-alpha-D-Man-(1->6)]-beta-D-Man-(1->4)-beta-D-GlcNAc-(1->4)-[alpha-L-Fuc-(1->6)]-beta-D-GlcNAc) (complex) asparagine	CARBOHYD	Asparagine	Amino acid side chain	Anywhere	C90 H146 N6 O65	C90 H146 N6 O65	2352.13	2350.83035	Extracellular and lumenal localisation	Glycoprotein	ChEBI:CHEBI:233512	Eukaryota; taxId:2759 (Eukaryota)
PTM-0767	N-linked (beta-D-GlcNAc-(1->2)-alpha-D-Man-(1->3)-[beta-D-GlcNAc-(1->4)]-[beta-D-GlcNAc-(1->2)-alpha-D-Man-(1->6)]-beta-D-Man-(1->4)-beta-D-GlcNAc-(1->4)-[alpha-L-Fuc-(1->6)]-beta-D-GlcNAc) (complex) asparagine	CARBOHYD	Asparagine	Amino acid side chain	Anywhere	C64 H105 N5 O44	C64 H105 N5 O44	1648.53	1647.61324	Extracellular and lumenal localisation	Glycoprotein	ChEBI:CHEBI:233533	Eukaryota; taxId:2759 (Eukaryota)
PTM-0768	N-linked (beta-D-Gal-(1->4)-beta-D-GlcNAc-(1->2)-alpha-D-Man-(1->3)-[beta-D-GlcNAc-(1->4)]-[beta-D-GlcNAc-(1->2)-alpha-D-Man-(1->6)]-beta-D-Man-(1->4)-beta-D-GlcNAc-(1->4)-[alpha-L-Fuc-(1->6)]-beta-D-GlcNAc) (complex) asparagine	CARBOHYD	Asparagine	Amino acid side chain	Anywhere	C70 H115 N5 O49	C70 H115 N5 O49	1810.67	1809.66607	Extracellular and lumenal localisation	Glycoprotein	ChEBI:CHEBI:233507	Eukaryota; taxId:2759 (Eukaryota)
PTM-0769	N-linked (beta-D-GlcNAc-(1->2)-alpha-D-Man-(1->3)-[beta-D-GlcNAc-(1->4)]-[beta-D-Gal-(1->4)-beta-D-GlcNAc-(1->2)-alpha-D-Man-(1->6)]-beta-D-Man-(1->4)-beta-D-GlcNAc-(1->4)-[alpha-L-Fuc-(1->6)]-beta-D-GlcNAc) (complex) asparagine	CARBOHYD	Asparagine	Amino acid side chain	Anywhere	C70 H115 N5 O49	C70 H115 N5 O49	1810.67	1809.66607	Extracellular and lumenal localisation	Glycoprotein	ChEBI:CHEBI:233508	Eukaryota; taxId:2759 (Eukaryota)
PTM-0770	N-linked (beta-D-Gal-(1->4)-beta-D-GlcNAc-(1->2)-alpha-D-Man-(1->3)-[beta-D-GlcNAc-(1->4)]-[beta-D-Gal-(1->4)-beta-D-GlcNAc-(1->2)-alpha-D-Man-(1->6)]-beta-D-Man-(1->4)-beta-D-GlcNAc-(1->4)-[alpha-L-Fuc-(1->6)]-beta-D-GlcNAc) (complex) asparagine	CARBOHYD	Asparagine	Amino acid side chain	Anywhere	C76 H125 N5 O54	C76 H125 N5 O54	1972.81	1971.71889	Extracellular and lumenal localisation	Glycoprotein	ChEBI:CHEBI:233506	Eukaryota; taxId:2759 (Eukaryota)
PTM-0771	N-linked (alpha-Neu5Ac-(2->6)-beta-D-Gal-(1->4)-beta-D-GlcNAc-(1->2)-alpha-D-Man-(1->3)-[beta-D-GlcNAc-(1->4)]-[beta-D-Gal-(1->4)-beta-D-GlcNAc-(1->2)-alpha-D-Man-(1->6)]-beta-D-Man-(1->4)-beta-D-GlcNAc-(1->4)-[alpha-L-Fuc-(1->6)]-beta-D-GlcNAc) (complex) asparagine	CARBOHYD	Asparagine	Amino acid side chain	Anywhere	C87 H142 N6 O62	C87 H142 N6 O62	2264.06	2262.81431	Extracellular and lumenal localisation	Glycoprotein	ChEBI:CHEBI:233503	Eukaryota; taxId:2759 (Eukaryota)
PTM-0772	N-linked (beta-D-Gal-(1->4)-beta-D-GlcNAc-(1->2)-alpha-D-Man-(1->3)-[beta-D-GlcNAc-(1->4)]-[alpha-Neu5Ac-(2->6)-beta-D-Gal-(1->4)-beta-D-GlcNAc-(1->2)-alpha-D-Man-(1->6)]-beta-D-Man-(1->4)-beta-D-GlcNAc-(1->4)-[alpha-L-Fuc-(1->6)]-beta-D-GlcNAc) (complex) asparagine	CARBOHYD	Asparagine	Amino acid side chain	Anywhere	C87 H142 N6 O62	C87 H142 N6 O62	2264.06	2262.81431	Extracellular and lumenal localisation	Glycoprotein	ChEBI:CHEBI:233505	Eukaryota; taxId:2759 (Eukaryota)
PTM-0773	N-linked (alpha-Neu5Ac-(2->6)-beta-D-Gal-(1->4)-beta-D-GlcNAc-(1->2)-alpha-D-Man-(1->3)-[beta-D-GlcNAc-(1->4)]-[alpha-Neu5Ac-(2->6)-beta-D-Gal-(1->4)-beta-D-GlcNAc-(1->2)-alpha-D-Man-(1->6)]-beta-D-Man-(1->4)-beta-D-GlcNAc-(1->4)-[alpha-L-Fuc-(1->6)]-beta-D-GlcNAc) (complex) asparagine	CARBOHYD	Asparagine	Amino acid side chain	Anywhere	C98 H159 N7 O70	C98 H159 N7 O70	2555.32	2553.90972	Extracellular and lumenal localisation	Glycoprotein	ChEBI:CHEBI:233504	Eukaryota; taxId:2759 (Eukaryota)
PTM-0530	N-linked (GlcNAc...) (hybrid) asparagine	CARBOHYD	Asparagine	Amino acid side chain	Anywhere					Extracellular and lumenal localisation	Glycoprotein		Eukaryota; taxId:2759 (Eukaryota)
PTM-0531	N-linked (GlcNAc...) (high mannose) asparagine	CARBOHYD	Asparagine	Amino acid side chain	Anywhere					Extracellular and lumenal localisation	Glycoprotein		Eukaryota; taxId:2759 (Eukaryota)
PTM-0532	N-linked (GlcNAc...) (paucimannose) asparagine	CARBOHYD	Asparagine	Amino acid side chain	Anywhere					Extracellular and lumenal localisation	Glycoprotein		Eukaryota; taxId:2759 (Eukaryota)
PTM-0533	N-linked (GlcNAc...) (keratan sulfate) asparagine	CARBOHYD	Asparagine	Amino acid side chain	Anywhere					Extracellular and lumenal localisation	Glycoprotein		Eukaryota; taxId:7742 (Vertebrata)
PTM-0534	N-linked (GlcNAc...) (polylactosaminoglycan) asparagine	CARBOHYD	Asparagine	Amino acid side chain	Anywhere					Extracellular and lumenal localisation	Glycoprotein		Eukaryota; taxId:9606 (Homo sapiens)
PTM-0535	N-linked (Man) tryptophan	CARBOHYD	Tryptophan	Amino acid side chain	Anywhere	C6 H10 O5	C6 H10 O5	162.052823	162.14	Extracellular and lumenal localisation	Glycoprotein	RESID:AA0156; PSI-MOD:MOD:00165	Eukaryota; taxId:50557 (Insecta)
PTM-0536	N-linked (Hex) arginine	CARBOHYD	Arginine	Amino acid side chain	Anywhere	C6 H10 O5	C6 H10 O5	162.052823	162.14	Extracellular and lumenal localisation	Glycoprotein		Eukaryota; taxId:33090 (Viridiplantae)
PTM-0537	N-linked (Hex...) arginine	CARBOHYD	Arginine	Amino acid side chain	Anywhere					Extracellular and lumenal localisation	Glycoprotein		Eukaryota; taxId:33090 (Viridiplantae)
PTM-0538	N-linked (HexNAc) arginine	CARBOHYD	Arginine	Amino acid side chain	Anywhere	C8 H13 N1 O5	C8 H13 N O5	203.079373	203.19	Extracellular and lumenal localisation	Glycoprotein		Bacteria; taxId:91347 (Enterobacterales)
PTM-0539	N-linked (HexNAc...) arginine	CARBOHYD	Arginine	Amino acid side chain	Anywhere					Extracellular and lumenal localisation	Glycoprotein		
PTM-0540	N-linked (Hex) asparagine	CARBOHYD	Asparagine	Amino acid side chain	Anywhere	C6 H10 O5	C6 H10 O5	162.052823	162.14	Extracellular and lumenal localisation	Glycoprotein		Archaea; taxId:2157 (Archaea); Eukaryota; taxId:2759 (Eukaryota)
PTM-0541	N-linked (Hex...) asparagine	CARBOHYD	Asparagine	Amino acid side chain	Anywhere					Extracellular and lumenal localisation	Glycoprotein		Archaea; taxId:2157 (Archaea); Eukaryota; taxId:2759 (Eukaryota)
PTM-0542	N-linked (HexNAc) asparagine	CARBOHYD	Asparagine	Amino acid side chain	Anywhere	C8 H13 N1 O5	C8 H13 N O5	203.079373	203.19	Extracellular and lumenal localisation	Glycoprotein		Archaea; taxId:2157 (Archaea); Eukaryota; taxId:2759 (Eukaryota)
PTM-0543	N-linked (HexNAc...) asparagine	CARBOHYD	Asparagine	Amino acid side chain	Anywhere					Extracellular and lumenal localisation	Glycoprotein		Archaea; taxId:2157 (Archaea); Eukaryota; taxId:2759 (Eukaryota)
PTM-0544	N-linked (Hex) tryptophan	CARBOHYD	Tryptophan	Amino acid side chain	Anywhere	C6 H10 O5	C6 H10 O5	162.052823	162.14	Extracellular and lumenal localisation	Glycoprotein	RESID:AA0156; PSI-MOD:MOD:00165	Eukaryota; taxId:50557 (Insecta)
PTM-0545	O-linked (Ara) hydroxyproline	CARBOHYD	Proline	Amino acid side chain	Anywhere	C5 H8 O5	C5 H8 O5	148.037173	148.11	Extracellular and lumenal localisation	Glycoprotein; Hydroxylation	RESID:AA0212; PSI-MOD:MOD:00217; Unimod:408	Eukaryota; taxId:33090 (Viridiplantae)
PTM-0546	O-linked (Ara...) hydroxyproline	CARBOHYD	Proline	Amino acid side chain	Anywhere					Extracellular and lumenal localisation	Glycoprotein; Hydroxylation		Eukaryota; taxId:33090 (Viridiplantae)
PTM-0547	O-linked (DADDGlc) serine	CARBOHYD	Serine	Amino acid side chain	Anywhere	C10 H16 N2 O5	C10 H16 N2 O5	244.105922	244.25	Extracellular and lumenal localisation	Glycoprotein	RESID:AA0499; PSI-MOD:MOD:01589	Bacteria; taxId:485 (Neisseria gonorrhoeae)
PTM-0548	O-linked (DATDGlc) serine	CARBOHYD	Serine	Amino acid side chain	Anywhere	C10 H16 N2 O4	C10 H16 N2 O4	228.111007	228.25	Extracellular and lumenal localisation	Glycoprotein	RESID:AA0607; PSI-MOD:MOD:01963	Bacteria; taxId:485 (Neisseria gonorrhoeae)
PTM-0549	O-linked (GATDGlc) serine	CARBOHYD	Serine	Amino acid side chain	Anywhere	C11 H18 N2 O6	C11 H18 N2 O6	274.116486	274.27	Extracellular and lumenal localisation	Glycoprotein	RESID:AA0608; PSI-MOD:MOD:01964	Bacteria; taxId:485 (Neisseria gonorrhoeae)
PTM-0550	O-linked (Fuc) serine	CARBOHYD	Serine	Amino acid side chain	Anywhere	C6 H10 O4	C6 H10 O4	146.057909	146.14	Extracellular and lumenal localisation	Glycoprotein	RESID:AA0404; PSI-MOD:MOD:00812; Unimod:295	Eukaryota; taxId:7742 (Vertebrata)
PTM-0551	O-linked (Fuc...) serine	CARBOHYD	Serine	Amino acid side chain	Anywhere					Extracellular and lumenal localisation	Glycoprotein		Eukaryota; taxId:7742 (Vertebrata)
PTM-0552	O-linked (Fuc) threonine	CARBOHYD	Threonine	Amino acid side chain	Anywhere	C6 H10 O4	C6 H10 O4	146.057909	146.14	Extracellular and lumenal localisation	Glycoprotein	RESID:AA0405; PSI-MOD:MOD:00813; Unimod:295	Eukaryota; taxId:33208 (Metazoa)
PTM-0553	O-linked (Fuc...) threonine	CARBOHYD	Threonine	Amino acid side chain	Anywhere					Extracellular and lumenal localisation	Glycoprotein		Eukaryota; taxId:7742 (Vertebrata)
PTM-0554	O-linked (FucNAc) serine	CARBOHYD	Serine	Amino acid side chain	Anywhere	C8 H13 N1 O4	C8 H13 N O4	187.084458	187.19	Extracellular and lumenal localisation	Glycoprotein	RESID:AA0422; PSI-MOD:MOD:00834	Bacteria; taxId:287 (Pseudomonas aeruginosa)
PTM-0555	O-linked (FucNAc...) serine	CARBOHYD	Serine	Amino acid side chain	Anywhere					Extracellular and lumenal localisation	Glycoprotein		Bacteria; taxId:287 (Pseudomonas aeruginosa)
PTM-0556	O-linked (Gal) hydroxylysine	CARBOHYD	Lysine	Amino acid side chain	Anywhere	C6 H10 O6	C6 H10 O6	178.047738	178.14	Extracellular and lumenal localisation	Glycoprotein; Hydroxylation	PSI-MOD:MOD:01914; Unimod:907	Eukaryota; taxId:7742 (Vertebrata)
PTM-0557	O-linked (Gal...) hydroxylysine	CARBOHYD	Lysine	Amino acid side chain	Anywhere					Extracellular and lumenal localisation	Glycoprotein; Hydroxylation		Eukaryota; taxId:33208 (Metazoa)
PTM-0558	O-linked (Gal) hydroxyproline	CARBOHYD	Proline	Amino acid side chain	Anywhere	C6 H10 O6	C6 H10 O6	178.047738	178.14	Extracellular and lumenal localisation	Glycoprotein; Hydroxylation	RESID:AA0389; PSI-MOD:MOD:00757	Eukaryota; taxId:4565 (Triticum aestivum)
PTM-0559	O-linked (Gal...) hydroxyproline	CARBOHYD	Proline	Amino acid side chain	Anywhere					Extracellular and lumenal localisation	Glycoprotein; Hydroxylation		Eukaryota; taxId:4565 (Triticum aestivum)
PTM-0560	O-linked (Gal) serine	CARBOHYD	Serine	Amino acid side chain	Anywhere	C6 H10 O5	C6 H10 O5	162.052823	162.14	Extracellular and lumenal localisation	Glycoprotein	RESID:AA0400; PSI-MOD:MOD:00808	Eukaryota; taxId:4113 (Solanum tuberosum)
PTM-0561	O-linked (Gal...) serine	CARBOHYD	Serine	Amino acid side chain	Anywhere					Extracellular and lumenal localisation	Glycoprotein		Bacteria; taxId:485 (Neisseria gonorrhoeae)
PTM-0562	O-linked (Gal) threonine	CARBOHYD	Threonine	Amino acid side chain	Anywhere	C6 H10 O5	C6 H10 O5	162.052823	162.14	Extracellular and lumenal localisation	Glycoprotein	RESID:AA0401; PSI-MOD:MOD:00809	Archaea; taxId:2239 (Halobacterium)
PTM-0563	O-linked (Gal...) threonine	CARBOHYD	Threonine	Amino acid side chain	Anywhere					Extracellular and lumenal localisation	Glycoprotein		Archaea; taxId:2239 (Halobacterium)
PTM-0564	O-linked (GalNAc) serine	CARBOHYD	Serine	Amino acid side chain	Anywhere	C8 H13 N1 O5	C8 H13 N O5	203.079373	203.19	Extracellular and lumenal localisation	Glycoprotein	ChEBI:CHEBI:53604; RESID:AA0154; PSI-MOD:MOD:00163; Unimod:43	Eukaryota; taxId:40674 (Mammalia)
PTM-0565	O-linked (GalNAc...) serine	CARBOHYD	Serine	Amino acid side chain	Anywhere					Extracellular and lumenal localisation	Glycoprotein		Eukaryota; taxId:2759 (Eukaryota)
PTM-0566	O-linked (GalNAc...) (keratan sulfate) serine	CARBOHYD	Serine	Amino acid side chain	Anywhere					Extracellular and lumenal localisation	Proteoglycan		Eukaryota; taxId:7742 (Vertebrata)
PTM-0567	O-linked (GalNAc) threonine	CARBOHYD	Threonine	Amino acid side chain	Anywhere	C8 H13 N1 O5	C8 H13 N O5	203.079373	203.19	Extracellular and lumenal localisation	Glycoprotein	ChEBI:CHEBI:87075; RESID:AA0155; PSI-MOD:MOD:00164; Unimod:43	Eukaryota; taxId:2759 (Eukaryota)
PTM-0568	O-linked (GalNAc...) threonine	CARBOHYD	Threonine	Amino acid side chain	Anywhere					Extracellular and lumenal localisation	Glycoprotein		Eukaryota; taxId:33208 (Metazoa)
PTM-0569	O-linked (GalNAc...) (keratan sulfate) threonine	CARBOHYD	Threonine	Amino acid side chain	Anywhere					Extracellular and lumenal localisation	Proteoglycan		Eukaryota; taxId:7742 (Vertebrata)
PTM-0570	O-linked (GalNAc) tyrosine	CARBOHYD	Tyrosine	Amino acid side chain	Anywhere	C8 H13 N1 O5	C8 H13 N O5	203.079373	203.19	Extracellular and lumenal localisation	Glycoprotein	RESID:AA0577; PSI-MOD:MOD:01916	Eukaryota; taxId:9606 (Homo sapiens)
PTM-0571	O-linked (GalNAc...) tyrosine	CARBOHYD	Tyrosine	Amino acid side chain	Anywhere					Extracellular and lumenal localisation	Glycoprotein		
PTM-0572	O-linked (Glc) hydroxylysine	CARBOHYD	Lysine	Amino acid side chain	Anywhere	C6 H10 O6	C6 H10 O6	178.047738	178.14	Extracellular and lumenal localisation	Glycoprotein; Hydroxylation	RESID:AA0589; PSI-MOD:MOD:01935	
PTM-0573	O-linked (Glc) serine	CARBOHYD	Serine	Amino acid side chain	Anywhere	C6 H10 O5	C6 H10 O5	162.052823	162.14	Extracellular and lumenal localisation	Glycoprotein	RESID:AA0397; PSI-MOD:MOD:00804	Eukaryota; taxId:40674 (Mammalia)
PTM-0574	O-linked (Glc...) serine	CARBOHYD	Serine	Amino acid side chain	Anywhere					Extracellular and lumenal localisation	Glycoprotein		Eukaryota; taxId:7742 (Vertebrata)
PTM-0700	O-linked (Glc) threonine	CARBOHYD	Threonine	Amino acid side chain	Anywhere	C6 H10 O5	C6 H10 O5	162.052823	162.14	Intracellular localisation	Glycoprotein		Eukaryota; taxId:40674 (Mammalia)
PTM-0575	O-linked (Glc) tyrosine	CARBOHYD	Tyrosine	Amino acid side chain	Anywhere	C6 H10 O5	C6 H10 O5	162.052823	162.14	Extracellular and lumenal localisation	Glycoprotein	RESID:AA0157; PSI-MOD:MOD:00166; Unimod:41	Eukaryota; taxId:40674 (Mammalia)
PTM-0576	O-linked (Glc...) tyrosine	CARBOHYD	Tyrosine	Amino acid side chain	Anywhere					Extracellular and lumenal localisation	Glycoprotein		Bacteria; taxId:2325 (Thermoanaerobacter kivui); Eukaryota; taxId:2759 (Eukaryota)
PTM-0577	O-linked (GlcA) serine	CARBOHYD	Serine	Amino acid side chain	Anywhere	C6 H8 O6	C6 H8 O6	176.032088	176.12	Extracellular and lumenal localisation	Glycoprotein	RESID:AA0291; PSI-MOD:MOD:00296; Unimod:54	Eukaryota; taxId:2759 (Eukaryota)
PTM-0578	O-linked (GlcNAc) hydroxyproline	CARBOHYD	Proline	Amino acid side chain	Anywhere	C8 H13 N1 O6	C8 H13 N O6	219.074287	219.19	Extracellular and lumenal localisation	Glycoprotein; Hydroxylation	RESID:AA0390; PSI-MOD:MOD:00758	Eukaryota; taxId:44689 (Dictyostelium discoideum)
PTM-0579	O-linked (GlcNAc...) hydroxyproline	CARBOHYD	Proline	Amino acid side chain	Anywhere					Extracellular and lumenal localisation	Glycoprotein; Hydroxylation		Eukaryota; taxId:44689 (Dictyostelium discoideum)
PTM-0580	O-linked (GlcNAc) serine	CARBOHYD	Serine	Amino acid side chain	Anywhere	C8 H13 N1 O5	C8 H13 N O5	203.079373	203.19	Intracellular localisation or Extracellular and lumenal localisation	Glycoprotein	ChEBI:CHEBI:90838; RESID:AA0398; PSI-MOD:MOD:00805	Bacteria; taxId:2 (Bacteria); Eukaryota; taxId:2759 (Eukaryota)
PTM-0581	O-linked (GlcNAc...) serine	CARBOHYD	Serine	Amino acid side chain	Anywhere					Intracellular localisation or Extracellular and lumenal localisation	Glycoprotein		Bacteria; taxId:2 (Bacteria); Eukaryota; taxId:40674 (Mammalia)
PTM-0701	O-alpha-linked (GlcNAc) threonine	CARBOHYD	Threonine	Amino acid side chain	Anywhere	C8 H13 N1 O5	C8 H13 N O5	203.079373	203.19	Intracellular localisation or Extracellular and lumenal localisation	Glycoprotein		Eukaryota; taxId:2759 (Eukaryota)
PTM-0582	O-linked (GlcNAc) threonine	CARBOHYD	Threonine	Amino acid side chain	Anywhere	C8 H13 N1 O5	C8 H13 N O5	203.079373	203.19	Intracellular localisation or Extracellular and lumenal localisation	Glycoprotein	ChEBI:CHEBI:90840; RESID:AA0399; PSI-MOD:MOD:00806	Eukaryota; taxId:2759 (Eukaryota)
PTM-0583	O-linked (GlcNAc...) threonine	CARBOHYD	Threonine	Amino acid side chain	Anywhere					Intracellular localisation or Extracellular and lumenal localisation	Glycoprotein		Eukaryota; taxId:33208 (Metazoa)
PTM-0584	O-linked (GlcNAc) tyrosine	CARBOHYD	Tyrosine	Amino acid side chain	Anywhere	C8 H13 N1 O5	C8 H13 N O5	203.079373	203.19	Intracellular localisation or Extracellular and lumenal localisation	Glycoprotein		Eukaryota; taxId:7742 (Vertebrata)
PTM-0585	O-linked (GlcNAc...) tyrosine	CARBOHYD	Tyrosine	Amino acid side chain	Anywhere					Intracellular localisation or Extracellular and lumenal localisation	Glycoprotein		
PTM-0586	O-linked (GlcNAc1P) serine	CARBOHYD	Serine	Amino acid side chain	Anywhere	C8 H14 N1 O8 P1	C8 H14 N O8 P	283.045703	283.17	Extracellular and lumenal localisation	Glycoprotein; Phosphoprotein	RESID:AA0296; PSI-MOD:MOD:00301; Unimod:428	Eukaryota; taxId:44689 (Dictyostelium discoideum)
PTM-0587	O-linked (GlcNAc6P) serine	CARBOHYD	Serine	Amino acid side chain	Anywhere	C8 H14 N1 O8 P1	C8 H14 N O8 P	283.045703	283.17	Extracellular and lumenal localisation	Glycoprotein; Phosphoprotein		Eukaryota; taxId:9606 (Homo sapiens)
PTM-0723	O-alpha-linked (D-glycero-D-manno-heptose) serine	CARBOHYD	Serine	Amino acid side chain	Anywhere	C7 H12 O6	C7 H12 O6	192.06339	192.17	Extracellular and lumenal localisation	Glycoprotein	ChEBI:CHEBI:194481	Bacteria; taxId:2 (Bacteria)
PTM-0724	O-alpha-linked (glycero-D-manno-heptose) serine	CARBOHYD	Serine	Amino acid side chain	Anywhere	C7 H12 O6	C7 H12 O6	192.06339	192.17	Extracellular and lumenal localisation	Glycoprotein	ChEBI:CHEBI:194496	Bacteria; taxId:2 (Bacteria)
PTM-0725	O-alpha-linked (glycero-D-manno-heptose) threonine	CARBOHYD	Threonine	Amino acid side chain	Anywhere	C7 H12 O6	C7 H12 O6	192.06339	192.17	Extracellular and lumenal localisation	Glycoprotein	ChEBI:CHEBI:194497	Bacteria; taxId:2 (Bacteria)
PTM-0588	O-linked (Man) serine	CARBOHYD	Serine	Amino acid side chain	Anywhere	C6 H10 O5	C6 H10 O5	162.052823	162.14	Extracellular and lumenal localisation	Glycoprotein	RESID:AA0402; PSI-MOD:MOD:00810	Eukaryota; taxId:4751 (Fungi)
PTM-0589	O-linked (Man...) serine	CARBOHYD	Serine	Amino acid side chain	Anywhere					Extracellular and lumenal localisation	Glycoprotein		Bacteria; taxId:2 (Bacteria); Eukaryota; taxId:4751 (Fungi)
PTM-0590	O-linked (Man...) (keratan sulfate) serine	CARBOHYD	Serine	Amino acid side chain	Anywhere					Extracellular and lumenal localisation	Proteoglycan		Eukaryota; taxId:7742 (Vertebrata)
PTM-0591	O-linked (Man) threonine	CARBOHYD	Threonine	Amino acid side chain	Anywhere	C6 H10 O5	C6 H10 O5	162.052823	162.14	Extracellular and lumenal localisation	Glycoprotein	RESID:AA0403; PSI-MOD:MOD:00811	Bacteria; taxId:1763 (Mycobacterium); Eukaryota; taxId:4751 (Fungi)
PTM-0592	O-linked (Man...) threonine	CARBOHYD	Threonine	Amino acid side chain	Anywhere					Extracellular and lumenal localisation	Glycoprotein		Bacteria; taxId:2 (Bacteria); Eukaryota; taxId:4751 (Fungi)
PTM-0593	O-linked (Man...) (keratan sulfate) threonine	CARBOHYD	Threonine	Amino acid side chain	Anywhere					Extracellular and lumenal localisation	Proteoglycan		Eukaryota; taxId:7742 (Vertebrata)
PTM-0594	O-linked (Man1P) serine	CARBOHYD	Serine	Amino acid side chain	Anywhere	C6 H11 O8 P1	C6 H11 O8 P	242.019154	242.12	Extracellular and lumenal localisation	Glycoprotein; Phosphoprotein	RESID:AA0297; PSI-MOD:MOD:00302; Unimod:429	Eukaryota; taxId:5654 (Trypanosomatidae)
PTM-0595	O-linked (Man1P...) serine	CARBOHYD	Serine	Amino acid side chain	Anywhere					Extracellular and lumenal localisation	Glycoprotein; Phosphoprotein		Eukaryota; taxId:5693 (Trypanosoma cruzi)
PTM-0596	O-linked (Man6P) threonine	CARBOHYD	Threonine	Amino acid side chain	Anywhere	C6 H11 O8 P1	C6 H11 O8 P	242.019154	242.12	Extracellular and lumenal localisation	Glycoprotein; Phosphoprotein	RESID:AA0514; PSI-MOD:MOD:01617	Eukaryota; taxId:40674 (Mammalia)
PTM-0597	O-linked (Man6P...) threonine	CARBOHYD	Threonine	Amino acid side chain	Anywhere					Extracellular and lumenal localisation	Glycoprotein; Phosphoprotein		Eukaryota; taxId:40674 (Mammalia)
PTM-0598	O-linked (Xyl) serine	CARBOHYD	Serine	Amino acid side chain	Anywhere	C5 H8 O4	C5 H8 O4	132.042259	132.12	Extracellular and lumenal localisation	Glycoprotein	RESID:AA0406; PSI-MOD:MOD:00814	Eukaryota; taxId:5474 (Leptoxyphium fumago)
PTM-0599	O-linked (Xyl...) serine	CARBOHYD	Serine	Amino acid side chain	Anywhere					Extracellular and lumenal localisation	Glycoprotein		Eukaryota; taxId:40674 (Mammalia)
PTM-0600	O-linked (Xyl...) (chondroitin sulfate) serine	CARBOHYD	Serine	Amino acid side chain	Anywhere					Extracellular and lumenal localisation	Proteoglycan	RESID:AA0208; PSI-MOD:MOD:00213	Eukaryota; taxId:33208 (Metazoa)
PTM-0601	O-linked (Xyl...) (dermatan sulfate) serine	CARBOHYD	Serine	Amino acid side chain	Anywhere					Extracellular and lumenal localisation	Proteoglycan	RESID:AA0209; PSI-MOD:MOD:00214	Eukaryota; taxId:7742 (Vertebrata)
PTM-0602	O-linked (Xyl...) (heparan sulfate) serine	CARBOHYD	Serine	Amino acid side chain	Anywhere					Extracellular and lumenal localisation	Proteoglycan	RESID:AA0210; PSI-MOD:MOD:00215	Eukaryota; taxId:33208 (Metazoa)
PTM-0603	O-linked (Xyl...) (glycosaminoglycan) serine	CARBOHYD	Serine	Amino acid side chain	Anywhere					Extracellular and lumenal localisation	Proteoglycan		Eukaryota; taxId:33208 (Metazoa)
PTM-0605	O-linked (Xyl...) (glycosaminoglycan) threonine	CARBOHYD	Threonine	Amino acid side chain	Anywhere					Extracellular and lumenal localisation	Proteoglycan		Eukaryota; taxId:7742 (Vertebrata)
PTM-0606	O-linked (Hex) hydroxylysine	CARBOHYD	Lysine	Amino acid side chain	Anywhere	C6 H10 O6	C6 H10 O6	178.047738	178.14	Extracellular and lumenal localisation	Glycoprotein; Hydroxylation		Eukaryota; taxId:7742 (Vertebrata)
PTM-0607	O-linked (Hex...) hydroxylysine	CARBOHYD	Lysine	Amino acid side chain	Anywhere					Extracellular and lumenal localisation	Glycoprotein; Hydroxylation		Eukaryota; taxId:33208 (Metazoa)
PTM-0608	O-linked (Hex) hydroxyproline	CARBOHYD	Proline	Amino acid side chain	Anywhere	C6 H10 O6	C6 H10 O6	178.047738	178.14	Extracellular and lumenal localisation	Glycoprotein; Hydroxylation		Eukaryota; taxId:4565 (Triticum aestivum)
PTM-0609	O-linked (Hex...) hydroxyproline	CARBOHYD	Proline	Amino acid side chain	Anywhere					Extracellular and lumenal localisation	Glycoprotein; Hydroxylation		Eukaryota; taxId:4565 (Triticum aestivum)
PTM-0610	O-linked (Hex) serine	CARBOHYD	Serine	Amino acid side chain	Anywhere	C6 H10 O5	C6 H10 O5	162.052823	162.14	Extracellular and lumenal localisation	Glycoprotein		Eukaryota; taxId:2759 (Eukaryota)
PTM-0611	O-linked (Hex...) serine	CARBOHYD	Serine	Amino acid side chain	Anywhere					Extracellular and lumenal localisation	Glycoprotein		Bacteria; taxId:2 (Bacteria); Eukaryota; taxId:2759 (Eukaryota)
PTM-0612	O-linked (Hex) threonine	CARBOHYD	Threonine	Amino acid side chain	Anywhere	C6 H10 O5	C6 H10 O5	162.052823	162.14	Extracellular and lumenal localisation	Glycoprotein		Archaea; taxId:2239 (Halobacterium); Bacteria; taxId:1763 (Mycobacterium); Eukaryota; taxId:2759 (Eukaryota)
PTM-0613	O-linked (Hex...) threonine	CARBOHYD	Threonine	Amino acid side chain	Anywhere					Extracellular and lumenal localisation	Glycoprotein		Archaea; taxId:2239 (Halobacterium); Bacteria; taxId:2 (Bacteria); Eukaryota; taxId:2759 (Eukaryota)
PTM-0614	O-linked (Hex) tyrosine	CARBOHYD	Tyrosine	Amino acid side chain	Anywhere	C6 H10 O5	C6 H10 O5	162.052823	162.14	Extracellular and lumenal localisation	Glycoprotein		Eukaryota; taxId:40674 (Mammalia)
PTM-0615	O-linked (Hex...) tyrosine	CARBOHYD	Tyrosine	Amino acid side chain	Anywhere					Extracellular and lumenal localisation	Glycoprotein		Bacteria; taxId:2325 (Thermoanaerobacter kivui); Eukaryota; taxId:2759 (Eukaryota)
PTM-0616	O-linked (HexNAc) hydroxyproline	CARBOHYD	Proline	Amino acid side chain	Anywhere	C8 H13 N1 O6	C8 H13 N O6	219.074287	219.19	Extracellular and lumenal localisation	Glycoprotein; Hydroxylation		Eukaryota; taxId:44689 (Dictyostelium discoideum)
PTM-0617	O-linked (HexNAc...) hydroxyproline	CARBOHYD	Proline	Amino acid side chain	Anywhere					Extracellular and lumenal localisation	Glycoprotein; Hydroxylation		Eukaryota; taxId:44689 (Dictyostelium discoideum)
PTM-0618	O-linked (HexNAc) serine	CARBOHYD	Serine	Amino acid side chain	Anywhere	C8 H13 N1 O5	C8 H13 N O5	203.079373	203.19	Intracellular localisation or Extracellular and lumenal localisation	Glycoprotein		Bacteria; taxId:1590 (Lactobacillus plantarum); Eukaryota; taxId:2759 (Eukaryota)
PTM-0619	O-linked (HexNAc...) serine	CARBOHYD	Serine	Amino acid side chain	Anywhere					Intracellular localisation or Extracellular and lumenal localisation	Glycoprotein		Bacteria; taxId:485 (Neisseria gonorrhoeae); Eukaryota; taxId:2759 (Eukaryota)
PTM-0620	O-linked (HexNAc) threonine	CARBOHYD	Threonine	Amino acid side chain	Anywhere	C8 H13 N1 O5	C8 H13 N O5	203.079373	203.19	Intracellular localisation or Extracellular and lumenal localisation	Glycoprotein		Eukaryota; taxId:2759 (Eukaryota)
PTM-0621	O-linked (HexNAc...) threonine	CARBOHYD	Threonine	Amino acid side chain	Anywhere					Intracellular localisation or Extracellular and lumenal localisation	Glycoprotein		Eukaryota; taxId:33208 (Metazoa)
PTM-0622	O-linked (HexNAc) tyrosine	CARBOHYD	Tyrosine	Amino acid side chain	Anywhere	C8 H13 N1 O5	C8 H13 N O5	203.079373	203.19	Intracellular localisation or Extracellular and lumenal localisation	Glycoprotein		Eukaryota; taxId:7742 (Vertebrata)
PTM-0623	O-linked (HexNAc...) tyrosine	CARBOHYD	Tyrosine	Amino acid side chain	Anywhere					Intracellular localisation or Extracellular and lumenal localisation	Glycoprotein		Eukaryota; taxId:9606 (Homo sapiens)
PTM-0624	S-linked (Gal) cysteine	CARBOHYD	Cysteine	Amino acid side chain	Anywhere	C6 H10 O5	C6 H10 O5	162.052823	162.14	Extracellular and lumenal localisation	Glycoprotein	RESID:AA0392; PSI-MOD:MOD:00799	Eukaryota; taxId:9606 (Homo sapiens)
PTM-0625	S-linked (Gal...) cysteine	CARBOHYD	Cysteine	Amino acid side chain	Anywhere					Extracellular and lumenal localisation	Glycoprotein		Eukaryota; taxId:9606 (Homo sapiens)
PTM-0626	S-linked (Glc) cysteine	CARBOHYD	Cysteine	Amino acid side chain	Anywhere	C6 H10 O5	C6 H10 O5	162.052823	162.14	Extracellular and lumenal localisation	Glycoprotein	RESID:AA0152; PSI-MOD:MOD:00161; Unimod:41	Bacteria; taxId:1423 (Bacillus subtilis); Eukaryota; taxId:7742 (Vertebrata)
PTM-0627	S-linked (Glc...) cysteine	CARBOHYD	Cysteine	Amino acid side chain	Anywhere					Extracellular and lumenal localisation	Glycoprotein		Eukaryota; taxId:9606 (Homo sapiens)
PTM-0628	S-linked (GlcNAc) cysteine	CARBOHYD	Cysteine	Amino acid side chain	Anywhere	C8 H13 N1 O5	C8 H13 N O5	203.079373	203.19	Extracellular and lumenal localisation	Glycoprotein	RESID:AA0560; PSI-MOD:MOD:01858	Bacteria; taxId:1590 (Lactobacillus plantarum)
PTM-0629	S-linked (GlcNAc...) cysteine	CARBOHYD	Cysteine	Amino acid side chain	Anywhere					Extracellular and lumenal localisation	Glycoprotein		
PTM-0630	S-linked (Hex) cysteine	CARBOHYD	Cysteine	Amino acid side chain	Anywhere	C6 H10 O5	C6 H10 O5	162.052823	162.14	Extracellular and lumenal localisation	Glycoprotein		Bacteria; taxId:1423 (Bacillus subtilis); Eukaryota; taxId:7742 (Vertebrata)
PTM-0631	S-linked (Hex...) cysteine	CARBOHYD	Cysteine	Amino acid side chain	Anywhere					Extracellular and lumenal localisation	Glycoprotein		Eukaryota; taxId:40674 (Mammalia)
PTM-0632	S-linked (HexNAc) cysteine	CARBOHYD	Cysteine	Amino acid side chain	Anywhere	C8 H13 N1 O5	C8 H13 N O5	203.079373	203.19	Extracellular and lumenal localisation	Glycoprotein		Bacteria; taxId:1590 (Lactobacillus plantarum)
PTM-0633	S-linked (HexNAc...) cysteine	CARBOHYD	Cysteine	Amino acid side chain	Anywhere					Extracellular and lumenal localisation	Glycoprotein		
